"season","from","to","weight"
1,"Actor","Joey",1
1,"Alan","Chandler",1
1,"Alan","Joey",1
1,"Alan","Monica",2
1,"Alan","Phoebe",1
1,"Alan","Rachel",1
1,"Alan","Ross",1
1,"Alan","The Guys",1
1,"Andrea","Chandler",1
1,"Andrea","Joey",1
1,"Andrea","Monica",1
1,"Andrea","Mr Geller",1
1,"Andrea","Mrs Geller",1
1,"Andrea","Phoebe",1
1,"Andrea","Rachel",1
1,"Andrea","Ross",1
1,"Angela","Bob",1
1,"Angela","Chandler",1
1,"Angela","Joey",3
1,"Angela","Monica",4
1,"Angela","Phoebe",1
1,"Angela","Rachel",1
1,"Angela","Ross",1
1,"Aunt Iris","Monica",1
1,"Aunt Iris","Phoebe",1
1,"Aunt Iris","Rachel",1
1,"Aunt Lillian","Monica",1
1,"Aunt Lillian","Mr Geller",1
1,"Aunt Lillian","Mrs Geller",2
1,"Aunt Lillian","Nurse",1
1,"Aunt Lillian","Ross",2
1,"Aurora","Chandler",3
1,"Aurora","Joey",2
1,"Aurora","Monica",2
1,"Aurora","Phoebe",2
1,"Aurora","Rachel",1
1,"Aurora","Ross",2
1,"Barry","Bernice",3
1,"Barry","Carol",1
1,"Barry","Mindy",1
1,"Barry","Rachel",6
1,"Barry","Robbie",2
1,"Barry","Ross",2
1,"Barry","Susan",1
1,"Bernice","Carol",1
1,"Bernice","Mindy",1
1,"Bernice","Rachel",3
1,"Bernice","Robbie",1
1,"Bernice","Ross",1
1,"Bernice","Susan",1
1,"Bob","Joey",2
1,"Bob","Monica",1
1,"Carl","Rachel",1
1,"Carl","Ross",1
1,"Carol","Chandler",6
1,"Carol","Dr Franzblau",4
1,"Carol","Dr Oberman",1
1,"Carol","Helen",1
1,"Carol","Joey",3
1,"Carol","Kristin",1
1,"Carol","Marsha",1
1,"Carol","Monica",3
1,"Carol","Nina",1
1,"Carol","Nurse",2
1,"Carol","Phoebe",4
1,"Carol","Rachel",7
1,"Carol","Robbie",1
1,"Carol","Ross",16
1,"Carol","Soothing Male Voice",1
1,"Carol","Susan",13
1,"Carol","Teacher",2
1,"Carol","Woman",1
1,"Celia","Ross",2
1,"Chandler","Customer",2
1,"Chandler","Danielle",1
1,"Chandler","David",2
1,"Chandler","Dick Clark",1
1,"Chandler","Dr Baldhara",1
1,"Chandler","Dr Franzblau",2
1,"Chandler","Gerston",1
1,"Chandler","Girls",2
1,"Chandler","Guy",1
1,"Chandler","Guys",4
1,"Chandler","Helen",2
1,"Chandler","Intercom",1
1,"Chandler","Janice",9
1,"Chandler","Jay Leno",1
1,"Chandler","Jill",6
1,"Chandler","Joanne",1
1,"Chandler","Joey",133
1,"Chandler","Kid",1
1,"Chandler","Kiki",1
1,"Chandler","Leslie",1
1,"Chandler","Lorraine",2
1,"Chandler","Lowell",1
1,"Chandler","Luisa",1
1,"Chandler","Lydia",1
1,"Chandler","Max",3
1,"Chandler","Melanie",1
1,"Chandler","Monica",104
1,"Chandler","Mr Douglas",2
1,"Chandler","Mr Geller",2
1,"Chandler","Mr Heckles",3
1,"Chandler","Mr Tribbiani",3
1,"Chandler","Mrs Bing",3
1,"Chandler","Mrs Geller",3
1,"Chandler","Mrs Tedlock",1
1,"Chandler","Nina",4
1,"Chandler","Nurse",2
1,"Chandler","Pa",1
1,"Chandler","Paolo",4
1,"Chandler","Paul",2
1,"Chandler","Petrie",1
1,"Chandler","Phoebe",100
1,"Chandler","Rachel",100
1,"Chandler","Receptionist",2
1,"Chandler","Roger",2
1,"Chandler","Ronni",3
1,"Chandler","Ross",115
1,"Chandler","Sandy",1
1,"Chandler","Santos",1
1,"Chandler","Shelley",2
1,"Chandler","Soothing Male Voice",1
1,"Chandler","Susan",5
1,"Chandler","Teacher",2
1,"Chandler","The Guys",1
1,"Chandler","Ursula",2
1,"Chandler","Waitress",1
1,"Chandler","Woman",3
1,"Chandler","Woman No. 1",1
1,"Chandler","Woman No. 2",1
1,"Coma Guy","Monica",1
1,"Coma Guy","Phoebe",1
1,"Customer","Joey",2
1,"Customer","Monica",2
1,"Customer","Phoebe",2
1,"Customer","Rachel",2
1,"Customer","Ross",2
1,"Danielle","Joey",1
1,"Danielle","Monica",1
1,"Danielle","Phoebe",1
1,"Danielle","Rachel",1
1,"Danielle","Ross",1
1,"David","Dick Clark",1
1,"David","Janice",1
1,"David","Joey",2
1,"David","Max",3
1,"David","Monica",2
1,"David","Phoebe",4
1,"David","Rachel",2
1,"David","Ross",2
1,"David","Sandy",1
1,"Dick Clark","Janice",1
1,"Dick Clark","Joey",1
1,"Dick Clark","Max",1
1,"Dick Clark","Monica",1
1,"Dick Clark","Phoebe",1
1,"Dick Clark","Rachel",1
1,"Dick Clark","Ross",1
1,"Dick Clark","Sandy",1
1,"Director","Joey",1
1,"Dr Baldhara","Joey",1
1,"Dr Baldhara","Ross",1
1,"Dr Franzblau","Joey",1
1,"Dr Franzblau","Monica",1
1,"Dr Franzblau","Nurse",2
1,"Dr Franzblau","Phoebe",1
1,"Dr Franzblau","Rachel",4
1,"Dr Franzblau","Ross",2
1,"Dr Franzblau","Susan",2
1,"Dr Mitchell","Dr Rosen",1
1,"Dr Mitchell","Monica",1
1,"Dr Mitchell","Rachel",1
1,"Dr Oberman","Ross",1
1,"Dr Oberman","Susan",1
1,"Dr Rosen","Monica",1
1,"Dr Rosen","Rachel",1
1,"Fake Monica","Monica",3
1,"Fake Monica","Phoebe",1
1,"Fake Monica","Rachel",2
1,"Fake Monica","Teacher",1
1,"Fake Monica","Woman",1
1,"Fireman No. 1","Fireman No. 2",2
1,"Fireman No. 1","Fireman No. 3",2
1,"Fireman No. 1","Monica",1
1,"Fireman No. 1","Rachel",1
1,"Fireman No. 2","Fireman No. 3",2
1,"Fireman No. 2","Monica",1
1,"Fireman No. 2","Rachel",1
1,"Fireman No. 3","Monica",2
1,"Fireman No. 3","Phoebe",1
1,"Fireman No. 3","Rachel",2
1,"Fran","Jamie",1
1,"Fran","Phoebe",1
1,"Fran","Rachel",1
1,"Frannie","Monica",1
1,"Gerston","Petrie",1
1,"Gerston","Phoebe",1
1,"Gerston","Santos",1
1,"Girl","Joey",1
1,"Girls","Guys",1
1,"Girls","Joey",2
1,"Girls","Monica",2
1,"Girls","Paolo",1
1,"Girls","Phoebe",2
1,"Girls","Rachel",2
1,"Girls","Ross",2
1,"Guy","Joey",1
1,"Guy","Lydia",1
1,"Guy","Monica",2
1,"Guy","Phoebe",2
1,"Guy","Rachel",1
1,"Guy","Ross",1
1,"Guys","Joanne",1
1,"Guys","Joey",4
1,"Guys","Kiki",1
1,"Guys","Leslie",1
1,"Guys","Monica",4
1,"Guys","Phoebe",4
1,"Guys","Rachel",4
1,"Guys","Ross",4
1,"Helen","Nina",2
1,"Helen","Ross",1
1,"Helen","Susan",1
1,"Helen","Teacher",1
1,"Helen","Woman",1
1,"Intercom","Joey",1
1,"Intercom","Luisa",1
1,"Intercom","Monica",2
1,"Intercom","Mr Heckles",1
1,"Intercom","Phoebe",1
1,"Intercom","Rachel",2
1,"Intercom","Ross",1
1,"Intercom","Woman No. 1",1
1,"Intercom","Woman No. 2",1
1,"Jamie","Phoebe",1
1,"Jamie","Rachel",1
1,"Janice","Joey",5
1,"Janice","Lorraine",2
1,"Janice","Max",1
1,"Janice","Monica",2
1,"Janice","Phoebe",4
1,"Janice","Rachel",2
1,"Janice","Ross",1
1,"Janice","Sandy",1
1,"Janitor","Phoebe",1
1,"Janitor","Ross",1
1,"Janitor","Susan",1
1,"Jay Leno","Joey",1
1,"Jay Leno","Monica",1
1,"Jay Leno","Mrs Bing",1
1,"Jay Leno","Paolo",1
1,"Jay Leno","Phoebe",1
1,"Jay Leno","Rachel",1
1,"Jay Leno","Ross",1
1,"Joanne","Joey",1
1,"Joanne","Kiki",2
1,"Joanne","Leslie",2
1,"Joanne","Monica",1
1,"Joanne","Phoebe",1
1,"Joanne","Rachel",2
1,"Joanne","Ross",1
1,"Joey","Kid",1
1,"Joey","Kiki",1
1,"Joey","Leslie",1
1,"Joey","Lorraine",2
1,"Joey","Luisa",1
1,"Joey","Lydia",3
1,"Joey","Max",3
1,"Joey","Melanie",2
1,"Joey","Mindy",1
1,"Joey","Monica",109
1,"Joey","Mr Geller",2
1,"Joey","Mr Heckles",3
1,"Joey","Mr Tribbiani",5
1,"Joey","Mrs Bing",3
1,"Joey","Mrs Geller",3
1,"Joey","Mrs Tribbiani",1
1,"Joey","Nurse",2
1,"Joey","Pa",1
1,"Joey","Paolo",4
1,"Joey","Paul",2
1,"Joey","Phoebe",93
1,"Joey","Rachel",101
1,"Joey","Receptionist",2
1,"Joey","Roger",2
1,"Joey","Ronni",3
1,"Joey","Ross",112
1,"Joey","Sandy",1
1,"Joey","Soothing Male Voice",1
1,"Joey","Susan",2
1,"Joey","Teacher",1
1,"Joey","The Guys",1
1,"Joey","Ursula",1
1,"Joey","Waitress",1
1,"Joey","Woman",1
1,"Joey","Woman No. 1",1
1,"Joey","Woman No. 2",1
1,"Joey","Young Ethan",1
1,"Julie","Man",1
1,"Julie","Rachel",1
1,"Julie","Ross",1
1,"Kid","Receptionist",1
1,"Kid","Ross",1
1,"Kiki","Leslie",2
1,"Kiki","Monica",1
1,"Kiki","Phoebe",1
1,"Kiki","Rachel",2
1,"Kiki","Ross",1
1,"Kristin","Ross",2
1,"Kristin","Susan",1
1,"Leslie","Monica",1
1,"Leslie","Phoebe",1
1,"Leslie","Rachel",2
1,"Leslie","Ross",1
1,"Lizzie","Phoebe",2
1,"Luisa","Monica",1
1,"Luisa","Mr Heckles",1
1,"Luisa","Phoebe",1
1,"Luisa","Rachel",1
1,"Luisa","Ross",1
1,"Luisa","Woman No. 1",1
1,"Luisa","Woman No. 2",1
1,"Lydia","Monica",1
1,"Lydia","Nurse",1
1,"Man","Rachel",2
1,"Man","Ross",2
1,"Marsha","Ross",1
1,"Max","Monica",3
1,"Max","Phoebe",4
1,"Max","Rachel",3
1,"Max","Ross",3
1,"Max","Sandy",1
1,"Melanie","Monica",1
1,"Melanie","Phoebe",1
1,"Melanie","Rachel",1
1,"Melanie","Ross",1
1,"Mindy","Rachel",2
1,"Monica","Mr Geller",4
1,"Monica","Mr Heckles",4
1,"Monica","Mr Tribbiani",3
1,"Monica","Mrs Bing",2
1,"Monica","Mrs Geller",4
1,"Monica","Nurse",2
1,"Monica","Paolo",6
1,"Monica","Paul",4
1,"Monica","Paula",2
1,"Monica","Phoebe",113
1,"Monica","Pizza Guy",1
1,"Monica","Rachel",129
1,"Monica","Roger",2
1,"Monica","Ronni",1
1,"Monica","Ross",99
1,"Monica","Sandy",1
1,"Monica","Steve",1
1,"Monica","Susan",2
1,"Monica","Teacher",2
1,"Monica","The Guys",1
1,"Monica","Ursula",1
1,"Monica","Waitress",1
1,"Monica","Woman",1
1,"Monica","Woman No. 1",1
1,"Monica","Woman No. 2",1
1,"Monica","Young Ethan",3
1,"Mr Douglas","Nina",1
1,"Mr Geller","Mrs Geller",3
1,"Mr Geller","Nurse",1
1,"Mr Geller","Phoebe",2
1,"Mr Geller","Rachel",2
1,"Mr Geller","Ross",3
1,"Mr Heckles","Phoebe",4
1,"Mr Heckles","Rachel",5
1,"Mr Heckles","Ross",2
1,"Mr Heckles","Woman No. 1",1
1,"Mr Heckles","Woman No. 2",1
1,"Mr Tribbiani","Phoebe",2
1,"Mr Tribbiani","Rachel",2
1,"Mr Tribbiani","Roger",1
1,"Mr Tribbiani","Ronni",2
1,"Mr Tribbiani","Ross",1
1,"Mrs Bing","Paolo",1
1,"Mrs Bing","Phoebe",2
1,"Mrs Bing","Rachel",2
1,"Mrs Bing","Ross",3
1,"Mrs Geller","Nurse",1
1,"Mrs Geller","Phoebe",3
1,"Mrs Geller","Rachel",3
1,"Mrs Geller","Ross",6
1,"Mrs Tedlock","Woman",1
1,"Nina","Ross",1
1,"Nina","Susan",1
1,"Nina","Teacher",1
1,"Nina","Woman",1
1,"Nurse","Phoebe",1
1,"Nurse","Rachel",1
1,"Nurse","Ross",2
1,"Nurse","Susan",1
1,"Pa","Phoebe",1
1,"Pa","Rachel",1
1,"Pa","Ross",1
1,"Paolo","Phoebe",6
1,"Paolo","Phoebe's Assistant",1
1,"Paolo","Rachel",7
1,"Paolo","Ross",6
1,"Paul","Phoebe",1
1,"Paul","Rachel",2
1,"Paul","Ross",1
1,"Petrie","Phoebe",1
1,"Petrie","Santos",1
1,"Phoebe","Phoebe's Assistant",1
1,"Phoebe","Pizza Guy",1
1,"Phoebe","Rachel",113
1,"Phoebe","Roger",3
1,"Phoebe","Ross",101
1,"Phoebe","Sandy",1
1,"Phoebe","Santos",1
1,"Phoebe","Soothing Male Voice",1
1,"Phoebe","Steve",2
1,"Phoebe","Susan",8
1,"Phoebe","Teacher",2
1,"Phoebe","The Guys",1
1,"Phoebe","Ursula",1
1,"Phoebe","Waitress",1
1,"Phoebe","Woman",1
1,"Phoebe","Woman No. 1",1
1,"Phoebe","Woman No. 2",1
1,"Pizza Guy","Rachel",1
1,"Priest on Tv","Rachel",1
1,"Rachel","Robbie",2
1,"Rachel","Roger",2
1,"Rachel","Ronni",1
1,"Rachel","Ross",110
1,"Rachel","Sandy",1
1,"Rachel","Soothing Male Voice",1
1,"Rachel","Steve",1
1,"Rachel","Susan",5
1,"Rachel","Teacher",2
1,"Rachel","Terry",1
1,"Rachel","The Guys",1
1,"Rachel","Ursula",1
1,"Rachel","Waitress",1
1,"Rachel","Woman",3
1,"Rachel","Woman No. 1",1
1,"Rachel","Woman No. 2",1
1,"Rachel","Young Ethan",1
1,"Receptionist","Ross",2
1,"Robbie","Ross",1
1,"Robbie","Susan",1
1,"Roger","Ross",2
1,"Ross","Sandy",1
1,"Ross","Soothing Male Voice",1
1,"Ross","Susan",19
1,"Ross","Teacher",3
1,"Ross","The Guys",1
1,"Ross","Ursula",1
1,"Ross","Waitress",1
1,"Ross","Woman",4
1,"Ross","Woman No. 1",1
1,"Ross","Woman No. 2",1
1,"Ross","Young Ethan",1
1,"Soothing Male Voice","Susan",1
1,"Soothing Male Voice","Teacher",1
1,"Susan","Teacher",3
1,"Susan","Woman",1
1,"Teacher","Woman",2
1,"Woman No. 1","Woman No. 2",1
2,"Alison","Chandler",1
2,"Alison","Janice",1
2,"Alison","Joey",1
2,"Alison","Monica",1
2,"Alison","Mr Boyle",1
2,"Alison","Mr Heckles",1
2,"Alison","Mr Treeger",1
2,"Alison","Phoebe",1
2,"Alison","Rachel",1
2,"Alison","Ross",1
2,"Amber","Chandler",2
2,"Amber","Dr Horton",1
2,"Amber","Dr Remore",2
2,"Amber","Intercom",1
2,"Amber","Joey",1
2,"Amber","Monica",2
2,"Amber","Phoebe",1
2,"Amber","Rachel",2
2,"Amber","Ross",2
2,"Annabelle","Customer",1
2,"Annabelle","Guy",1
2,"Annabelle","Hombre Man",3
2,"Annabelle","Joey",3
2,"Annabelle","Store Guy",1
2,"Barry","Best Man",1
2,"Barry","Mindy",1
2,"Barry","Monica",1
2,"Barry","Mr Wineburg",1
2,"Barry","Mrs Wineburg",1
2,"Barry","Rachel",2
2,"Barry","Richard",1
2,"Barry","Ross",2
2,"Ben","Carol",1
2,"Ben","Rachel",1
2,"Ben","Ross",1
2,"Ben","Susan",1
2,"Best Man","Monica",1
2,"Best Man","Rachel",1
2,"Best Man","Richard",1
2,"Best Man","Ross",1
2,"Big Bully","Chandler",4
2,"Big Bully","Gunther",1
2,"Big Bully","Little Bully",4
2,"Big Bully","Ross",4
2,"Boys","Caroline",1
2,"Boys","Chandler",1
2,"Boys","Doctor",1
2,"Boys","Joey",1
2,"Boys","Kid",1
2,"Boys","Monica",1
2,"Boys","Phoebe",1
2,"Boys","Rachel",1
2,"Boys","Ross",1
2,"Boys","Stephanie",1
2,"Boys","Terry",1
2,"Carol","Chandler",4
2,"Carol","Joey",4
2,"Carol","Minister",1
2,"Carol","Monica",5
2,"Carol","Mr a",1
2,"Carol","Mr Green",1
2,"Carol","Mrs Green",1
2,"Carol","Phoebe",3
2,"Carol","Rachel",3
2,"Carol","Ross",7
2,"Carol","Susan",7
2,"Carol","Woman",1
2,"Caroline","Chandler",1
2,"Caroline","Doctor",1
2,"Caroline","Joey",1
2,"Caroline","Kid",1
2,"Caroline","Monica",1
2,"Caroline","Phoebe",1
2,"Caroline","Rachel",1
2,"Caroline","Ross",1
2,"Caroline","Stephanie",1
2,"Caroline","Terry",1
2,"Casting Guy","Joey",1
2,"Chandler","Chip",1
2,"Chandler","Doctor",1
2,"Chandler","Dr Horton",1
2,"Chandler","Dr Remore",2
2,"Chandler","Eddie",13
2,"Chandler","Erica",2
2,"Chandler","Fbob",4
2,"Chandler","Frankie",1
2,"Chandler","Gail",1
2,"Chandler","Gang",2
2,"Chandler","Girl's Voice",1
2,"Chandler","Gunther",3
2,"Chandler","Guy",2
2,"Chandler","Guys",1
2,"Chandler","Intercom",1
2,"Chandler","Jade",1
2,"Chandler","Janice",2
2,"Chandler","Jeannie",1
2,"Chandler","Joey",94
2,"Chandler","Joey on Tv",1
2,"Chandler","Joey's Co-Star",1
2,"Chandler","Julie",10
2,"Chandler","Kid",1
2,"Chandler","Kids",1
2,"Chandler","Little Bully",4
2,"Chandler","Machine",1
2,"Chandler","Minister",1
2,"Chandler","Monica",70
2,"Chandler","Mr a",1
2,"Chandler","Mr Boyle",1
2,"Chandler","Mr Douglas",1
2,"Chandler","Mr Geller",1
2,"Chandler","Mr Green",1
2,"Chandler","Mr Greene",3
2,"Chandler","Mr Heckles",1
2,"Chandler","Mr Treeger",1
2,"Chandler","Mrs Geller",2
2,"Chandler","Mrs Green",1
2,"Chandler","Mrs Greene",3
2,"Chandler","Paulo",2
2,"Chandler","Phoebe",72
2,"Chandler","Rachel",71
2,"Chandler","Rahcel",1
2,"Chandler","Richard",5
2,"Chandler","Rob",3
2,"Chandler","Ross",75
2,"Chandler","Roy",1
2,"Chandler","Russ",4
2,"Chandler","Scott",1
2,"Chandler","Security Guard",2
2,"Chandler","Stephanie",1
2,"Chandler","Steve",1
2,"Chandler","Susan",4
2,"Chandler","Susie",3
2,"Chandler","Terry",1
2,"Chandler","Tilly",1
2,"Chandler","Trainer",1
2,"Chandler","Tv Doctor",1
2,"Chandler","Van Damme",1
2,"Chandler","Waiter",1
2,"Chandler","Waitress",1
2,"Chandler","Woman",1
2,"Chip","Joey",1
2,"Chip","Monica",1
2,"Chip","Mr Geller",1
2,"Chip","Mrs Geller",1
2,"Chip","Phoebe",1
2,"Chip","Rachel",1
2,"Chip","Ross",1
2,"Chip","Roy",1
2,"Customer","Hombre Man",1
2,"Customer","Joey",1
2,"Customer","Store Guy",1
2,"Delivery Guy","Dr Burke",1
2,"Delivery Guy","Joey",1
2,"Delivery Guy","Monica",1
2,"Director","Joey",1
2,"Director","Van Damme",1
2,"Doctor","Joey",1
2,"Doctor","Kid",1
2,"Doctor","Monica",1
2,"Doctor","Phoebe",1
2,"Doctor","Rachel",1
2,"Doctor","Ross",1
2,"Doctor","Stephanie",1
2,"Doctor","Terry",1
2,"Dr Burke","Monica",4
2,"Dr Burke","Phoebe",2
2,"Dr Horton","Dr Remore",1
2,"Dr Horton","Intercom",1
2,"Dr Horton","Monica",1
2,"Dr Horton","Phoebe",1
2,"Dr Horton","Rachel",1
2,"Dr Horton","Ross",1
2,"Dr Remore","Intercom",1
2,"Dr Remore","Joey",1
2,"Dr Remore","Monica",2
2,"Dr Remore","Phoebe",1
2,"Dr Remore","Rachel",2
2,"Dr Remore","Ross",2
2,"Duncan","Phoebe",3
2,"Eddie","Joey",3
2,"Eddie","Monica",1
2,"Eddie","Phoebe",2
2,"Eddie","Rachel",1
2,"Eddie","Tilly",1
2,"Erica","Joey",4
2,"Erica","Joey on Tv",1
2,"Erica","Monica",1
2,"Erica","Rachel",1
2,"Erica","Ross",1
2,"Erica","Tv Doctor",1
2,"Erica","Waiter",1
2,"Ernie","Phoebe",1
2,"Estelle","Joey",1
2,"Estl","Joey",1
2,"Fbob","Gang",1
2,"Fbob","Joey",3
2,"Fbob","Monica",5
2,"Fbob","Phoebe",4
2,"Fbob","Rachel",4
2,"Fbob","Ross",3
2,"Fbob","Russ",2
2,"Fbob","Waiter",1
2,"Frank","Mr Buffay",1
2,"Frank","Phoebe",1
2,"Gail","Phoebe",1
2,"Gang","Gunther",1
2,"Gang","Joey",2
2,"Gang","Monica",2
2,"Gang","Phoebe",2
2,"Gang","Rachel",2
2,"Gang","Ross",2
2,"Girl's Voice","Gunther",1
2,"Girl's Voice","Guy",1
2,"Girl's Voice","Joey",1
2,"Girl's Voice","Monica",1
2,"Girl's Voice","Mr Greene",1
2,"Girl's Voice","Mrs Geller",1
2,"Girl's Voice","Mrs Greene",1
2,"Girl's Voice","Phoebe",1
2,"Girl's Voice","Rachel",1
2,"Girl's Voice","Ross",1
2,"Grandmom","Phoebe",2
2,"Gunther","Guy",1
2,"Gunther","Joey",3
2,"Gunther","Little Bully",1
2,"Gunther","Monica",2
2,"Gunther","Mr Greene",1
2,"Gunther","Mrs Geller",1
2,"Gunther","Mrs Greene",1
2,"Gunther","Phoebe",2
2,"Gunther","Rachel",2
2,"Gunther","Ross",3
2,"Guy","Hombre Man",1
2,"Guy","Joey",2
2,"Guy","Mich",1
2,"Guy","Monica",1
2,"Guy","Mr Greene",1
2,"Guy","Mrs Geller",1
2,"Guy","Mrs Greene",1
2,"Guy","Phoebe",2
2,"Guy","Rachel",3
2,"Guy","Ross",2
2,"Guy","Waiter",1
2,"Guys","Joey",1
2,"Guys","Monica",1
2,"Guys","Mr Greene",1
2,"Guys","Mrs Greene",1
2,"Guys","Phoebe",1
2,"Guys","Rachel",1
2,"Guys","Ross",1
2,"Hombre Man","Joey",3
2,"Hombre Man","Store Guy",1
2,"Intercom","Monica",1
2,"Intercom","Phoebe",1
2,"Intercom","Rachel",1
2,"Intercom","Ross",1
2,"Interviewer","Monica",1
2,"Jade","Joey",1
2,"Jade","Machine",1
2,"Jade","Monica",1
2,"Jade","Phoebe",1
2,"Jade","Rachel",1
2,"Jade","Ross",1
2,"Jade","Steve",1
2,"Jade","Waiter",1
2,"Jade","Waitress",1
2,"Janice","Joey",1
2,"Janice","Monica",1
2,"Janice","Mr Boyle",1
2,"Janice","Mr Heckles",1
2,"Janice","Mr Treeger",1
2,"Janice","Phoebe",2
2,"Janice","Rachel",2
2,"Janice","Ross",2
2,"Janitor","Ross",2
2,"Jeannie","Joey",1
2,"Jeannie","Mr Douglas",1
2,"Joey","Joey on Tv",1
2,"Joey","Joey's Co-Star",1
2,"Joey","Julie",8
2,"Joey","Kid",2
2,"Joey","Machine",1
2,"Joey","Minister",1
2,"Joey","Monica",61
2,"Joey","Mover",1
2,"Joey","Mr a",1
2,"Joey","Mr Boyle",1
2,"Joey","Mr Douglas",1
2,"Joey","Mr Geller",1
2,"Joey","Mr Green",1
2,"Joey","Mr Greene",3
2,"Joey","Mr Heckles",1
2,"Joey","Mr Treeger",1
2,"Joey","Mrs Geller",2
2,"Joey","Mrs Green",1
2,"Joey","Mrs Greene",3
2,"Joey","Paulo",2
2,"Joey","Phoebe",67
2,"Joey","Rachel",62
2,"Joey","Rahcel",1
2,"Joey","Richard",3
2,"Joey","Rob",1
2,"Joey","Ross",65
2,"Joey","Roy",1
2,"Joey","Russ",1
2,"Joey","Scott",1
2,"Joey","Security Guard",1
2,"Joey","Stephanie",1
2,"Joey","Steve",1
2,"Joey","Store Guy",1
2,"Joey","Susan",4
2,"Joey","Susie",2
2,"Joey","Terry",1
2,"Joey","Trainer",1
2,"Joey","Tv Doctor",1
2,"Joey","Van Damme",2
2,"Joey","Waiter",2
2,"Joey","Waitress",1
2,"Joey","Woman",1
2,"Joey on Tv","Monica",1
2,"Joey on Tv","Rachel",1
2,"Joey on Tv","Ross",1
2,"Joey on Tv","Tv Doctor",1
2,"Julie","Monica",7
2,"Julie","Phoebe",8
2,"Julie","Rachel",14
2,"Julie","Rahcel",1
2,"Julie","Ross",11
2,"Julie","Russ",1
2,"Kid","Monica",1
2,"Kid","Phoebe",2
2,"Kid","Rachel",2
2,"Kid","Ross",2
2,"Kid","Stephanie",1
2,"Kid","Terry",1
2,"Kids","Monica",1
2,"Kids","Phoebe",1
2,"Kids","Rachel",1
2,"Kids","Rob",1
2,"Kids","Ross",1
2,"Lipson","Ross",1
2,"Little Bully","Ross",4
2,"Machine","Monica",1
2,"Machine","Phoebe",1
2,"Machine","Rachel",1
2,"Machine","Ross",1
2,"Machine","Steve",1
2,"Machine","Waiter",1
2,"Machine","Waitress",1
2,"Man","Phoebe",1
2,"Man","Rachel",1
2,"Man","Ross",1
2,"Mich","Rachel",2
2,"Mich","Waiter",1
2,"Mindy","Mr Wineburg",1
2,"Mindy","Mrs Wineburg",1
2,"Mindy","Rachel",1
2,"Mindy","Ross",1
2,"Minister","Monica",1
2,"Minister","Mr a",1
2,"Minister","Mr Green",1
2,"Minister","Mrs Green",1
2,"Minister","Phoebe",1
2,"Minister","Rachel",1
2,"Minister","Ross",1
2,"Minister","Susan",1
2,"Minister","Woman",1
2,"Monica","Mr a",1
2,"Monica","Mr Boyle",1
2,"Monica","Mr Geller",8
2,"Monica","Mr Green",1
2,"Monica","Mr Greene",3
2,"Monica","Mr Heckles",1
2,"Monica","Mr Treeger",2
2,"Monica","Mrs Geller",10
2,"Monica","Mrs Green",1
2,"Monica","Mrs Greene",3
2,"Monica","Paulo",2
2,"Monica","Phoebe",79
2,"Monica","Rachel",87
2,"Monica","Radio",1
2,"Monica","Richard",20
2,"Monica","Rob",3
2,"Monica","Ross",75
2,"Monica","Roy",1
2,"Monica","Rtst",3
2,"Monica","Russ",2
2,"Monica","Security Guard",2
2,"Monica","Stephanie",1
2,"Monica","Steve",1
2,"Monica","Susan",5
2,"Monica","Susie",1
2,"Monica","Terry",1
2,"Monica","Trainer",1
2,"Monica","Tv Doctor",1
2,"Monica","Van Damme",3
2,"Monica","Waiter",2
2,"Monica","Waitress",1
2,"Monica","Woman",1
2,"Mover","Ross",1
2,"Mr a","Mr Green",1
2,"Mr a","Mrs Green",1
2,"Mr a","Phoebe",1
2,"Mr a","Rachel",1
2,"Mr a","Ross",1
2,"Mr a","Susan",1
2,"Mr a","Woman",1
2,"Mr Boyle","Mr Heckles",1
2,"Mr Boyle","Mr Treeger",1
2,"Mr Boyle","Phoebe",1
2,"Mr Boyle","Rachel",1
2,"Mr Boyle","Ross",1
2,"Mr Buffay","Phoebe",1
2,"Mr Geller","Mrs Geller",8
2,"Mr Geller","Phoebe",1
2,"Mr Geller","Rachel",2
2,"Mr Geller","Richard",4
2,"Mr Geller","Ross",6
2,"Mr Geller","Roy",1
2,"Mr Green","Mrs Green",1
2,"Mr Green","Phoebe",1
2,"Mr Green","Rachel",1
2,"Mr Green","Ross",1
2,"Mr Green","Susan",1
2,"Mr Green","Woman",1
2,"Mr Greene","Mrs Geller",1
2,"Mr Greene","Mrs Greene",3
2,"Mr Greene","Phoebe",3
2,"Mr Greene","Rachel",2
2,"Mr Greene","Ross",2
2,"Mr Heckles","Mr Treeger",1
2,"Mr Heckles","Phoebe",1
2,"Mr Heckles","Rachel",1
2,"Mr Heckles","Ross",1
2,"Mr Treeger","Phoebe",1
2,"Mr Treeger","Rachel",2
2,"Mr Treeger","Ross",2
2,"Mr Wineburg","Mrs Wineburg",1
2,"Mr Wineburg","Rachel",1
2,"Mr Wineburg","Ross",1
2,"Mrs Geller","Mrs Greene",1
2,"Mrs Geller","Phoebe",2
2,"Mrs Geller","Rachel",3
2,"Mrs Geller","Richard",3
2,"Mrs Geller","Ross",6
2,"Mrs Geller","Roy",1
2,"Mrs Green","Phoebe",1
2,"Mrs Green","Rachel",1
2,"Mrs Green","Ross",1
2,"Mrs Green","Susan",1
2,"Mrs Green","Woman",1
2,"Mrs Greene","Phoebe",3
2,"Mrs Greene","Rachel",2
2,"Mrs Greene","Ross",2
2,"Mrs Wineburg","Rachel",1
2,"Mrs Wineburg","Ross",1
2,"Old Woman","Ross",1
2,"Paulo","Phoebe",2
2,"Paulo","Rachel",2
2,"Paulo","Ross",1
2,"Phoebe","Producer",1
2,"Phoebe","Rachel",88
2,"Phoebe","Richard",6
2,"Phoebe","Rob",4
2,"Phoebe","Ross",68
2,"Phoebe","Roy",1
2,"Phoebe","Russ",4
2,"Phoebe","Ryan",4
2,"Phoebe","Security Guard",1
2,"Phoebe","Stephanie",1
2,"Phoebe","Steve",1
2,"Phoebe","Susan",3
2,"Phoebe","Susie",1
2,"Phoebe","Tattoo Artist",1
2,"Phoebe","Terry",1
2,"Phoebe","Trainer",1
2,"Phoebe","Van Damme",1
2,"Phoebe","Waiter",1
2,"Phoebe","Waitress",1
2,"Phoebe","Woman",1
2,"Rachel","Radio",1
2,"Rachel","Rahcel",1
2,"Rachel","Richard",9
2,"Rachel","Rob",3
2,"Rachel","Ross",96
2,"Rachel","Roy",1
2,"Rachel","Russ",3
2,"Rachel","Ryan",3
2,"Rachel","Security Guard",1
2,"Rachel","Stephanie",1
2,"Rachel","Steve",1
2,"Rachel","Stranger",1
2,"Rachel","Susan",3
2,"Rachel","Susie",1
2,"Rachel","Tattoo Artist",1
2,"Rachel","Terry",1
2,"Rachel","Trainer",1
2,"Rachel","Tv Doctor",1
2,"Rachel","Van Damme",2
2,"Rachel","Waiter",2
2,"Rachel","Waitress",1
2,"Rachel","Wedding Planner",1
2,"Rachel","Woman",1
2,"Radio","Ross",1
2,"Rahcel","Ross",1
2,"Richard","Ross",12
2,"Rob","Ross",2
2,"Ross","Roy",1
2,"Ross","Russ",2
2,"Ross","Ryan",3
2,"Ross","Security Guard",2
2,"Ross","Stephanie",1
2,"Ross","Steve",1
2,"Ross","Susan",7
2,"Ross","Susie",2
2,"Ross","Terry",1
2,"Ross","Trainer",1
2,"Ross","Tv Doctor",1
2,"Ross","Van Damme",1
2,"Ross","Waiter",1
2,"Ross","Waitress",1
2,"Ross","Wedding Planner",1
2,"Ross","Woman",1
2,"Security Guard","Susie",1
2,"Security Guard","Trainer",1
2,"Security Guard","Van Damme",1
2,"Stephanie","Terry",1
2,"Steve","Waiter",1
2,"Steve","Waitress",1
2,"Susan","Woman",1
2,"Susie","Trainer",1
2,"Susie","Van Damme",1
2,"Trainer","Van Damme",1
2,"Waiter","Waitress",1
3,"Alice","Chandler",1
3,"Alice","Frank",2
3,"Alice","Joey",1
3,"Alice","Monica",1
3,"Alice","Phoebe",3
3,"Alice","Rachel",1
3,"Alice","Ross",1
3,"Anchorwoman","Chandler",1
3,"Anchorwoman","Joey",1
3,"Anchorwoman","Ross",1
3,"Announcer","Monica",1
3,"Announcer","Pete",1
3,"Announcer","Referee",1
3,"Announcer","Ross",1
3,"Bass Singer","Julio",1
3,"Bass Singer","Man",1
3,"Bass Singer","Quartet",1
3,"Ben","Joey",1
3,"Ben","Monica",2
3,"Ben","Phoebe",2
3,"Ben","Rachel",2
3,"Ben","Ross",1
3,"Billy Crystal","Chandler",1
3,"Billy Crystal","Joey",1
3,"Billy Crystal","Monica",1
3,"Billy Crystal","Phoebe",1
3,"Billy Crystal","Rachel",1
3,"Billy Crystal","Robin Williams",1
3,"Billy Crystal","Ross",1
3,"Bonnie","Chandler",6
3,"Bonnie","Joey",5
3,"Bonnie","Monica",3
3,"Bonnie","Phoebe",5
3,"Bonnie","Rachel",7
3,"Bonnie","Ross",6
3,"Bonnie","The Girls",1
3,"Bonnie","The Guys",1
3,"Cailin","Chandler",1
3,"Cailin","Estelle",1
3,"Cailin","Joey",1
3,"Cailin","Lauren",1
3,"Cailin","Man",1
3,"Cailin","Monica",1
3,"Cailin","Pete",1
3,"Cailin","Rachel",2
3,"Cailin","Ross",2
3,"Cailin","The Director",1
3,"Cailin","Tommy",1
3,"Carol","Chandler",1
3,"Carol","Joey",1
3,"Carol","Monica",3
3,"Carol","Phoebe",1
3,"Carol","Rachel",1
3,"Carol","Ross",5
3,"Carol","Susan",2
3,"Chandler","Chloe",2
3,"Chandler","Cookie",2
3,"Chandler","Doug",4
3,"Chandler","Eric",1
3,"Chandler","Estelle",1
3,"Chandler","Frank",2
3,"Chandler","Ginger",3
3,"Chandler","Gunther",12
3,"Chandler","Guru Saj",1
3,"Chandler","Guy",1
3,"Chandler","Hold Voice",1
3,"Chandler","Host",1
3,"Chandler","Issac",2
3,"Chandler","Janice",9
3,"Chandler","Joanna",2
3,"Chandler","Joey",103
3,"Chandler","Joey's Grandmom",1
3,"Chandler","Joey's Sister",1
3,"Chandler","Joey's Sisters",2
3,"Chandler","Lauren",1
3,"Chandler","Leslie",1
3,"Chandler","Machine",2
3,"Chandler","Margha",2
3,"Chandler","Mary-Angela",1
3,"Chandler","Mary-Theresa",1
3,"Chandler","Matress King",1
3,"Chandler","Michelle",1
3,"Chandler","Mike",1
3,"Chandler","Monica",82
3,"Chandler","Pete",5
3,"Chandler","Pete's Mom",1
3,"Chandler","Phil",1
3,"Chandler","Phoebe",79
3,"Chandler","Rachel",81
3,"Chandler","Richard",2
3,"Chandler","Robert",4
3,"Chandler","Robin Williams",1
3,"Chandler","Ross",91
3,"Chandler","Sarah",2
3,"Chandler","Sherman Whitfield",1
3,"Chandler","Singer",2
3,"Chandler","Sister 1",1
3,"Chandler","Sophie",1
3,"Chandler","Stevens",2
3,"Chandler","Susan",1
3,"Chandler","The Director",1
3,"Chandler","The Girls",2
3,"Chandler","The Guys",4
3,"Chandler","Tommy",2
3,"Chandler","Tv Announcer",1
3,"Chandler","Vince",1
3,"Chandler","Waitress",1
3,"Chandler","Walker",1
3,"Chandler","Whitfield",1
3,"Chandler","Woman",2
3,"Chandler","Woman's Voice",1
3,"Chloe","Issac",3
3,"Chloe","Joey",1
3,"Chloe","Mark",1
3,"Chloe","Rachel",2
3,"Chloe","Ross",5
3,"Clerk","Monica",1
3,"Clerk","Richard",1
3,"Cookie","Gunther",1
3,"Cookie","Joey",2
3,"Cookie","Joey's Grandmom",1
3,"Cookie","Joey's Sister",1
3,"Cookie","Joey's Sisters",1
3,"Cookie","Mary-Angela",1
3,"Cookie","Mary-Theresa",1
3,"Cookie","Monica",1
3,"Cookie","Phoebe",1
3,"Cookie","Rachel",1
3,"Cookie","Ross",1
3,"Cookie","Sister 1",1
3,"Director","Joey",3
3,"Doug","Phil",1
3,"Doug","Stevens",2
3,"Dr Green","Rachel",3
3,"Dr Green","Ross",3
3,"Dr Johnson","Dr Rhodes",1
3,"Dr Johnson","Ross",1
3,"Dr Rhodes","Ross",2
3,"Employee","Monica",1
3,"Employee","Pete",1
3,"Employee","Secretary",1
3,"Eric","Monica",1
3,"Eric","Mr Heckles",1
3,"Eric","Phoebe",1
3,"Eric","Ross",1
3,"Estelle","Joey",1
3,"Estelle","Lauren",1
3,"Estelle","Monica",1
3,"Estelle","Pete",1
3,"Estelle","Rachel",1
3,"Estelle","Ross",1
3,"Estelle","The Director",1
3,"Fireman","Phoebe",1
3,"Fireman","Vince",1
3,"Frank","Girl",1
3,"Frank","Jasmine",1
3,"Frank","Joey",3
3,"Frank","Monica",2
3,"Frank","Phoebe",8
3,"Frank","Rachel",2
3,"Frank","Ross",3
3,"Ginger","Gunther",1
3,"Ginger","Joey",1
3,"Ginger","Phoebe",1
3,"Ginger","Woman",1
3,"Girl","Jasmine",1
3,"Girl","Leader",1
3,"Girl","Phoebe",1
3,"Girl","Ross",1
3,"Gunther","Janice",1
3,"Gunther","Joey",7
3,"Gunther","Joey's Sisters",1
3,"Gunther","Mark",1
3,"Gunther","Monica",9
3,"Gunther","Phoebe",8
3,"Gunther","Rachel",12
3,"Gunther","Robert",1
3,"Gunther","Ross",11
3,"Gunther","Sister 1",1
3,"Gunther","Tommy",1
3,"Gunther","Woman",1
3,"Guru Saj","Joey",1
3,"Guru Saj","Ross",1
3,"Guy","Joey",4
3,"Guy","Monica",4
3,"Guy","Phoebe",5
3,"Guy","Rachel",3
3,"Guy","Ross",2
3,"Hold Voice","Joey",1
3,"Hold Voice","Monica",3
3,"Hold Voice","Phoebe",3
3,"Hold Voice","Rachel",1
3,"Hoshi","Monica",1
3,"Hoshi","Pete",1
3,"Host","Joey",1
3,"Host","Mike",1
3,"Host","Phoebe",1
3,"Host","Rachel",1
3,"Host","Ross",1
3,"Hypnosis Tape","Joey",2
3,"Isabella","Monica",1
3,"Isabella","Rachel",1
3,"Isabella","Ross",1
3,"Issac","Joey",1
3,"Issac","Ross",2
3,"Janice","Jester",1
3,"Janice","Joey",7
3,"Janice","Matress King",1
3,"Janice","Monica",3
3,"Janice","Phoebe",4
3,"Janice","Rachel",2
3,"Janice","Ross",2
3,"Jasmine","Phoebe",1
3,"Jasmine","Ross",1
3,"Jason","Phoebe",3
3,"Jason","Vince",1
3,"Jeannine","Julio",1
3,"Jeannine","Monica",1
3,"Jester","Joey",1
3,"Jester","Monica",1
3,"Joanna","Rachel",4
3,"Joanna","Sophie",3
3,"Joey","Joey's Grandmom",1
3,"Joey","Joey's Sister",1
3,"Joey","Joey's Sisters",2
3,"Joey","Kate",9
3,"Joey","Lauren",6
3,"Joey","Leslie",1
3,"Joey","Machine",2
3,"Joey","Margha",2
3,"Joey","Mary-Angela",1
3,"Joey","Mary-Theresa",1
3,"Joey","Matress King",1
3,"Joey","Michelle",1
3,"Joey","Mike",1
3,"Joey","Monica",77
3,"Joey","Pete",5
3,"Joey","Pete's Mom",1
3,"Joey","Phoebe",77
3,"Joey","Rachel",64
3,"Joey","Richard",2
3,"Joey","Robert",2
3,"Joey","Robin Williams",1
3,"Joey","Ross",74
3,"Joey","Sarah",1
3,"Joey","Singer",2
3,"Joey","Sister 1",1
3,"Joey","Stage Manager",2
3,"Joey","Student",2
3,"Joey","Susan",1
3,"Joey","The Director",7
3,"Joey","The Girls",2
3,"Joey","The Guys",4
3,"Joey","Tv Announcer",1
3,"Joey","Vince",1
3,"Joey","Woman",2
3,"Joey","Woman's Voice",1
3,"Joey's Grandmom","Joey's Sister",1
3,"Joey's Grandmom","Mary-Angela",1
3,"Joey's Grandmom","Mary-Theresa",1
3,"Joey's Sister","Mary-Angela",1
3,"Joey's Sister","Mary-Theresa",1
3,"Joey's Sisters","Monica",1
3,"Joey's Sisters","Phoebe",1
3,"Joey's Sisters","Rachel",1
3,"Joey's Sisters","Ross",1
3,"Joey's Sisters","Sister 1",1
3,"Julio","Man",1
3,"Julio","Monica",2
3,"Julio","Quartet",1
3,"Kate","Lauren",4
3,"Kate","Stage Manager",1
3,"Kate","The Director",6
3,"Kate","Woman",1
3,"Lauren","Monica",1
3,"Lauren","Pete",1
3,"Lauren","Rachel",1
3,"Lauren","Ross",1
3,"Lauren","Stage Manager",2
3,"Lauren","The Director",3
3,"Lauren","Woman",1
3,"Leader","Ross",1
3,"Lecturer","Rachel",1
3,"Lecturer","Ross",1
3,"Leslie","Monica",1
3,"Leslie","Phoebe",4
3,"Leslie","Singer",1
3,"Machine","Michelle",1
3,"Machine","Monica",2
3,"Machine","Phoebe",2
3,"Machine","Rachel",2
3,"Machine","Richard",2
3,"Machine","Ross",2
3,"Machine","The Guys",1
3,"Machine","Woman's Voice",1
3,"Malcom","Phoebe",2
3,"Man","Mark",1
3,"Man","Quartet",2
3,"Man","Rachel",2
3,"Man","Ross",2
3,"Man","The Bass Barber",1
3,"Man","Tommy",1
3,"Margha","Monica",2
3,"Margha","Phoebe",2
3,"Margha","Rachel",2
3,"Margha","Ross",2
3,"Margha","The Guys",1
3,"Margha","Woman",1
3,"Mark","Quartet",1
3,"Mark","Rachel",10
3,"Mark","Ross",7
3,"Mark","The Bass Barber",1
3,"Mark","Woman",1
3,"Mary-Angela","Mary-Theresa",1
3,"Matress King","Monica",1
3,"Matress King","Phoebe",1
3,"Matress King","Ross",1
3,"Michelle","Monica",1
3,"Michelle","Phoebe",1
3,"Michelle","Rachel",1
3,"Michelle","Richard",1
3,"Michelle","Ross",1
3,"Mike","Phoebe",1
3,"Mike","Rachel",1
3,"Mike","Ross",1
3,"Mischa","Monica",2
3,"Mischa","Phoebe",3
3,"Mischa","Sergei",2
3,"Monica","Mr Geller",1
3,"Monica","Mr Heckles",1
3,"Monica","Pete",17
3,"Monica","Pete's Mom",1
3,"Monica","Phoebe",94
3,"Monica","Rachel",80
3,"Monica","Referee",1
3,"Monica","Richard",9
3,"Monica","Richard's Date",1
3,"Monica","Robin Williams",1
3,"Monica","Ross",77
3,"Monica","Secretary",1
3,"Monica","Sergei",1
3,"Monica","Singer",2
3,"Monica","Sister 1",1
3,"Monica","Spokeswoman",1
3,"Monica","Susan",2
3,"Monica","The Director",1
3,"Monica","The Girls",2
3,"Monica","The Guys",5
3,"Monica","Tommy",1
3,"Monica","Tv Announcer",1
3,"Monica","Video",1
3,"Monica","Vince",1
3,"Monica","Waitress",1
3,"Monica","Walker",1
3,"Monica","Woman",1
3,"Monica","Woman's Voice",1
3,"Mr Geller","Video",1
3,"Mr Heckles","Phoebe",1
3,"Mr Heckles","Ross",1
3,"Mr Kaplan","Rachel",1
3,"Mrs Geller","Rachel",1
3,"Mrs Geller","Ross",1
3,"Pete","Pete's Mom",1
3,"Pete","Phoebe",4
3,"Pete","Rachel",4
3,"Pete","Referee",1
3,"Pete","Ross",5
3,"Pete","Secretary",1
3,"Pete","Spokeswoman",1
3,"Pete","The Director",1
3,"Pete's Mom","Phoebe",1
3,"Pete's Mom","Rachel",1
3,"Pete's Mom","Ross",1
3,"Phil","Stevens",1
3,"Phoebe","Phoebe Sr",2
3,"Phoebe","Rachel",75
3,"Phoebe","Richard",2
3,"Phoebe","Robert",4
3,"Phoebe","Robin Williams",1
3,"Phoebe","Ross",75
3,"Phoebe","Sergei",3
3,"Phoebe","Singer",2
3,"Phoebe","Sister 1",1
3,"Phoebe","The Girls",2
3,"Phoebe","The Guys",5
3,"Phoebe","Tommy",1
3,"Phoebe","Tv Announcer",1
3,"Phoebe","Vince",3
3,"Phoebe","Woman",1
3,"Phoebe","Woman's Voice",1
3,"Quartet","Rachel",1
3,"Quartet","Ross",1
3,"Quartet","The Bass Barber",1
3,"Rachel","Richard",3
3,"Rachel","Robert",1
3,"Rachel","Robin Williams",1
3,"Rachel","Ross",106
3,"Rachel","Sister 1",1
3,"Rachel","Sophie",4
3,"Rachel","Susan",1
3,"Rachel","The Bass Barber",1
3,"Rachel","The Director",1
3,"Rachel","The Girls",2
3,"Rachel","The Guys",5
3,"Rachel","Tommy",3
3,"Rachel","Tv Announcer",1
3,"Rachel","Vince",1
3,"Rachel","Waitress",1
3,"Rachel","Walker",1
3,"Rachel","Woman",2
3,"Rachel","Woman's Voice",1
3,"Referee","Ross",1
3,"Richard","Richard's Date",1
3,"Richard","Ross",2
3,"Richard","The Guys",1
3,"Richard","Woman's Voice",1
3,"Robert","Ross",4
3,"Robin Williams","Ross",1
3,"Ross","Sarah",3
3,"Ross","Sherman Whitfield",1
3,"Ross","Singer",1
3,"Ross","Sister 1",1
3,"Ross","Sophie",1
3,"Ross","Susan",2
3,"Ross","The Bass Barber",1
3,"Ross","The Director",1
3,"Ross","The Girls",1
3,"Ross","The Guys",4
3,"Ross","Tommy",3
3,"Ross","Tv Announcer",1
3,"Ross","Vince",1
3,"Ross","Whitfield",1
3,"Ross","Woman",3
3,"Ross","Woman's Voice",1
3,"Sherman Whitfield","Whitfield",1
3,"The Director","Woman",1
3,"The Girls","The Guys",1
3,"The Guys","Woman's Voice",1
4,"a Waiter","Joey",1
4,"a Waiter","Monica",1
4,"a Waiter","The Waiter",1
4,"Alice","Chandler",2
4,"Alice","Dr Zane",1
4,"Alice","Frank",5
4,"Alice","Joey",2
4,"Alice","Monica",2
4,"Alice","Phoebe",6
4,"Alice","Phoebe Sr",1
4,"Alice","Rachel",2
4,"Alice","Ross",1
4,"Amanda","Ross",1
4,"Another Scientist","Another Tour Guide",1
4,"Another Scientist","Joey",1
4,"Another Scientist","Older Scientist",1
4,"Another Scientist","Ross",1
4,"Another Scientist","Tour Guide",1
4,"Another Tour Guide","Joey",1
4,"Another Tour Guide","Older Scientist",1
4,"Another Tour Guide","Ross",1
4,"Another Tour Guide","Tour Guide",1
4,"Bank Officer","Chandler",1
4,"Bank Officer","Ms Lambert",1
4,"Bank Officer","Ross",1
4,"Bonnie","Rachel",1
4,"Bonnie","Ross",1
4,"Carol","Emily",2
4,"Carol","Ross",3
4,"Carol","Susan",2
4,"Casey","Chandler",1
4,"Casey","Joey",1
4,"Chandler","Cheryl",1
4,"Chandler","Drew",1
4,"Chandler","Drunk Man",1
4,"Chandler","Emily",8
4,"Chandler","Felicity",1
4,"Chandler","Fergie",1
4,"Chandler","Frank",1
4,"Chandler","Gunther",8
4,"Chandler","Gym Employee",1
4,"Chandler","It's 6",1
4,"Chandler","It's 9",1
4,"Chandler","Janice",5
4,"Chandler","Joanna",2
4,"Chandler","Joey",114
4,"Chandler","Joshua",3
4,"Chandler","Kathy",16
4,"Chandler","Kathy's Co-Star",1
4,"Chandler","Marjorie",1
4,"Chandler","Mike",1
4,"Chandler","Minister",1
4,"Chandler","Minster",1
4,"Chandler","Monica",79
4,"Chandler","Mr Geller",3
4,"Chandler","Mr Treeger",2
4,"Chandler","Mrs Geller",3
4,"Chandler","Mrs Waltham",3
4,"Chandler","Ms Lambert",1
4,"Chandler","Peter",1
4,"Chandler","Phoebe",76
4,"Chandler","Phoebe Sr.",1
4,"Chandler","Rachel",76
4,"Chandler","Ross",83
4,"Chandler","Sleep Clinic Worker",1
4,"Chandler","Sophie",1
4,"Chandler","The Cigarette Guy",1
4,"Chandler","The Doctor",1
4,"Chandler","The Girls",1
4,"Chandler","The Guys",1
4,"Chandler","The Salesman",1
4,"Chandler","The Stripper",2
4,"Chandler","Tim",1
4,"Chandler","Tony",1
4,"Chandler","Voice",1
4,"Chandler","Waiter",1
4,"Chandler","Woman",4
4,"Charlton Heston","Joey",1
4,"Cheryl","Monica",2
4,"Cheryl","Phoebe",1
4,"Cheryl","Rachel",1
4,"Cheryl","Ross",3
4,"Chip","Monica",4
4,"Chip","Rachel",2
4,"Chip","Ross",1
4,"Chloe","Rachel",1
4,"Chloe","Ross",1
4,"Devon","Emily",1
4,"Devon","Liam",1
4,"Devon","Ross",1
4,"Doctor","Dr Timothy Burke",1
4,"Doctor","Monica",1
4,"Doctor","Nurse",1
4,"Doctor","Rachel",1
4,"Dr Timothy Burke","Monica",1
4,"Dr Timothy Burke","Nurse",1
4,"Dr Timothy Burke","Rachel",1
4,"Dr Zane","Frank",1
4,"Dr Zane","Phoebe",2
4,"Drew","Mike",1
4,"Drunk Man","Monica",1
4,"Drunk Man","Mr Geller",1
4,"Drunk Man","Ross",1
4,"Emily","Felicity",1
4,"Emily","Gunther",1
4,"Emily","Joey",11
4,"Emily","Joshua",2
4,"Emily","Liam",2
4,"Emily","Minister",1
4,"Emily","Minster",1
4,"Emily","Monica",11
4,"Emily","Mr Geller",2
4,"Emily","Mr Waltham",2
4,"Emily","Mrs Geller",2
4,"Emily","Mrs Waltham",2
4,"Emily","Phoebe",10
4,"Emily","Rachel",7
4,"Emily","Ross",24
4,"Emily","Susan",2
4,"Emily","Ticket Agent",1
4,"Emily","Woman",1
4,"Felicity","Joey",2
4,"Felicity","Mr Geller",1
4,"Felicity","Mr Waltham",1
4,"Felicity","Mrs Geller",1
4,"Felicity","Mrs Waltham",1
4,"Felicity","Phoebe",1
4,"Felicity","Rachel",1
4,"Felicity","Ross",1
4,"Fergie","Joey",1
4,"Fergie","Monica",1
4,"Fergie","Ross",1
4,"Frank","Joey",1
4,"Frank","Monica",2
4,"Frank","Phoebe",5
4,"Frank","Phoebe Sr",1
4,"Frank","Rachel",2
4,"Frank","Ross",1
4,"Gunther","Joey",8
4,"Gunther","Joshua",2
4,"Gunther","Kathy",2
4,"Gunther","Monica",4
4,"Gunther","Phoebe",6
4,"Gunther","Rachel",5
4,"Gunther","Ross",8
4,"Gunther","The Stripper",1
4,"Guy","Joey",1
4,"Gym Employee","Ross",1
4,"Gym Employee","Woman",1
4,"Housekeeper","Phoebe",1
4,"Interviewer","Phoebe",1
4,"It's 6","Joey",1
4,"It's 6","Rachel",1
4,"It's 6","Ross",1
4,"It's 9","Joey",1
4,"It's 9","Monica",1
4,"It's 9","Phoebe",1
4,"It's 9","Rachel",1
4,"Janice","Joey",2
4,"Janice","Monica",1
4,"Janice","Phoebe",2
4,"Janice","Rachel",2
4,"Janice","Ross",1
4,"Joanna","Mr Posner",1
4,"Joanna","Mrs Lynch",1
4,"Joanna","Rachel",6
4,"Joanna","Sophie",2
4,"Joey","Joshua",3
4,"Joey","Kathy",9
4,"Joey","Kitchen Worker",1
4,"Joey","Liam",1
4,"Joey","Marjorie",1
4,"Joey","Minister",1
4,"Joey","Minster",1
4,"Joey","Monica",72
4,"Joey","Mr Geller",3
4,"Joey","Mr Treeger",5
4,"Joey","Mr Waltham",1
4,"Joey","Mrs Geller",4
4,"Joey","Mrs Waltham",3
4,"Joey","Older Scientist",1
4,"Joey","Peter",1
4,"Joey","Phoebe",71
4,"Joey","Phoebe Sr.",1
4,"Joey","Rachel",63
4,"Joey","Ross",76
4,"Joey","Sleep Clinic Worker",1
4,"Joey","Smart Kid",1
4,"Joey","The A.d",1
4,"Joey","The Doctor",1
4,"Joey","The Girls",1
4,"Joey","The Guys",1
4,"Joey","The Salesman",3
4,"Joey","The Singing Man",2
4,"Joey","The Stripper",2
4,"Joey","The Waiter",2
4,"Joey","Tim",1
4,"Joey","Tony",1
4,"Joey","Tour Guide",2
4,"Joey","Voice",1
4,"Joey","Waiter",1
4,"Joey","Woman",2
4,"Josh","Monica",2
4,"Josh","Phoebe",2
4,"Josh","Rachel",2
4,"Josh","Ross",1
4,"Joshua","Monica",3
4,"Joshua","Mr Burgin",2
4,"Joshua","Mr Waltham",3
4,"Joshua","Mrs Burgin",2
4,"Joshua","Phoebe",3
4,"Joshua","Rachel",12
4,"Joshua","Ross",4
4,"Julie","Rachel",1
4,"Julie","Ross",1
4,"Kathy","Kathy's Co-Star",1
4,"Kathy","Monica",7
4,"Kathy","Phoebe",5
4,"Kathy","Rachel",6
4,"Kathy","Ross",8
4,"Kathy","Tim",1
4,"Kathy's Co-Star","Ross",1
4,"Kitchen Worker","Monica",1
4,"Kitchen Worker","The Waiter",1
4,"Liam","Phoebe",1
4,"Liam","Ross",2
4,"Marjorie","Sleep Clinic Worker",1
4,"Marjorie","Woman",1
4,"Minister","Minster",1
4,"Minister","Monica",1
4,"Minister","Mrs Waltham",1
4,"Minister","Phoebe",1
4,"Minister","Ross",1
4,"Minster","Monica",1
4,"Minster","Mrs Waltham",1
4,"Minster","Phoebe",1
4,"Minster","Ross",1
4,"Monica","Mr Geller",4
4,"Monica","Mr Treeger",2
4,"Monica","Mr Waltham",1
4,"Monica","Mrs Burkart",3
4,"Monica","Mrs Chatracus",1
4,"Monica","Mrs Geller",7
4,"Monica","Mrs Waltham",3
4,"Monica","Nurse",1
4,"Monica","Oven",1
4,"Monica","Phoebe",90
4,"Monica","Phoebe Sr",1
4,"Monica","Rachel",94
4,"Monica","Ross",70
4,"Monica","The Cigarette Guy",1
4,"Monica","The Girls",1
4,"Monica","The Saleslady",1
4,"Monica","The Salesman",1
4,"Monica","The Singing Man",1
4,"Monica","The Waiter",2
4,"Monica","Tim",2
4,"Monica","Waiter",1
4,"Monica","Woman",1
4,"Mr Burgin","Mrs Burgin",2
4,"Mr Burgin","Rachel",2
4,"Mr Geller","Mr Waltham",2
4,"Mr Geller","Mrs Geller",4
4,"Mr Geller","Mrs Waltham",1
4,"Mr Geller","Phoebe",1
4,"Mr Geller","Rachel",2
4,"Mr Geller","Ross",5
4,"Mr Geller","Waiter",1
4,"Mr Posner","Mrs Lynch",1
4,"Mr Posner","Rachel",1
4,"Mr Simon","Mrs Potter",1
4,"Mr Simon","Phoebe",1
4,"Mr Simon","Rick",1
4,"Mr Treeger","Phoebe",1
4,"Mr Treeger","Rachel",2
4,"Mr Treeger","Ross",1
4,"Mr Waltham","Mrs Geller",2
4,"Mr Waltham","Mrs Waltham",2
4,"Mr Waltham","Rachel",5
4,"Mr Waltham","Ross",3
4,"Mrs Burgin","Rachel",2
4,"Mrs Burkart","Phoebe",3
4,"Mrs Chatracus","Rachel",1
4,"Mrs Geller","Mrs Waltham",2
4,"Mrs Geller","Oven",1
4,"Mrs Geller","Phoebe",4
4,"Mrs Geller","Rachel",2
4,"Mrs Geller","Ross",5
4,"Mrs Geller","Waiter",1
4,"Mrs Lynch","Rachel",2
4,"Mrs Lynch","Sophie",1
4,"Mrs Potter","Phoebe",1
4,"Mrs Potter","Rick",1
4,"Mrs Waltham","Phoebe",2
4,"Mrs Waltham","Ross",4
4,"Ms Lambert","Ross",1
4,"Nurse","Rachel",1
4,"Older Scientist","Ross",1
4,"Older Scientist","Tour Guide",1
4,"Oven","Phoebe",1
4,"Passenger","Rachel",2
4,"Peter","Tony",1
4,"Phoebe","Phoebe Sr",2
4,"Phoebe","Phoebe Sr.",3
4,"Phoebe","Rachel",78
4,"Phoebe","Rick",2
4,"Phoebe","Ross",61
4,"Phoebe","The Cigarette Guy",1
4,"Phoebe","The Doctor",1
4,"Phoebe","The Saleslady",1
4,"Phoebe","Tim",1
4,"Phoebe","Ursula",1
4,"Phoebe","Woman",1
4,"Phoebe Sr","Rachel",1
4,"Rachel","Ross",78
4,"Rachel","Sophie",3
4,"Rachel","The Cigarette Guy",1
4,"Rachel","The Doctor",1
4,"Rachel","The Girls",1
4,"Rachel","The Singing Man",1
4,"Rachel","Ticket Agent",2
4,"Rachel","Tim",1
4,"Rachel","Woman",2
4,"Ross","Susan",2
4,"Ross","The Conductor",1
4,"Ross","The Doctor",1
4,"Ross","The Girls",1
4,"Ross","The Guys",1
4,"Ross","The Stripper",2
4,"Ross","Ticket Agent",1
4,"Ross","Tim",1
4,"Ross","Tour Guide",2
4,"Ross","Waiter",1
4,"Ross","Woman",2
4,"Ross","Woman on Train",1
4,"Sleep Clinic Worker","Woman",1
4,"The Conductor","Woman on Train",1
4,"The Guys","The Stripper",1
5,"a Casino Boss","a Tourist",1
5,"a Casino Boss","Chandler",1
5,"a Casino Boss","Joey",1
5,"a Casino Boss","Phoebe",1
5,"a Casino Boss","Rachel",1
5,"a Drunken Gambler","Chandler",1
5,"a Drunken Gambler","Drunken Gambler",1
5,"a Drunken Gambler","Monica",1
5,"a Drunken Gambler","The Croupier",1
5,"a Female Student","Monica",1
5,"a Female Student","Phoebe",1
5,"a Tourist","Chandler",1
5,"a Tourist","Joey",1
5,"a Tourist","Phoebe",1
5,"a Tourist","Rachel",1
5,"Alice","Chandler",1
5,"Alice","Dan",1
5,"Alice","Dr Harad",1
5,"Alice","Frank",1
5,"Alice","Joey's Doctor",1
5,"Alice","Monica",1
5,"Alice","Phoebe",1
5,"Alice","Rachel",1
5,"Answering Machine","Emily",1
5,"Answering Machine","Monica",1
5,"Answering Machine","Rachel",1
5,"Ben","Carol",1
5,"Ben","Chandler",2
5,"Ben","Joey",2
5,"Ben","Monica",1
5,"Ben","Phoebe",2
5,"Ben","Rachel",1
5,"Ben","Ross",2
5,"Big Nosed Rachel","Chandler",1
5,"Big Nosed Rachel","Fat Monica",1
5,"Big Nosed Rachel","Monica",1
5,"Big Nosed Rachel","Mr Geller",1
5,"Big Nosed Rachel","Mrs Geller",1
5,"Big Nosed Rachel","Ross",1
5,"Blackjack Dealer","Chandler",1
5,"Blackjack Dealer","Joey",1
5,"Blackjack Dealer","Phoebe",1
5,"Bob","Phoebe",1
5,"Caitlin","Chandler",3
5,"Caitlin","Delivery Girl",1
5,"Caitlin","Grandma Tribbiani",1
5,"Caitlin","Joey",2
5,"Caitlin","Monica",2
5,"Caitlin","Phoebe",2
5,"Caitlin","Rachel",3
5,"Caitlin","Ross",3
5,"Carol","Chandler",1
5,"Carol","Joey",4
5,"Carol","Kyle",1
5,"Carol","Phoebe",1
5,"Carol","Raymond",1
5,"Carol","Ross",4
5,"Chandler","Cop",1
5,"Chandler","Cynthia",1
5,"Chandler","Dan",3
5,"Chandler","Danny",2
5,"Chandler","Delivery Girl",1
5,"Chandler","Doug",3
5,"Chandler","Dr Harad",4
5,"Chandler","Drunken Gambler",2
5,"Chandler","Emeril",1
5,"Chandler","Emily",4
5,"Chandler","Fat Monica",1
5,"Chandler","Frank",4
5,"Chandler","Frank Sr.",1
5,"Chandler","Gary",13
5,"Chandler","Gary's Radio",1
5,"Chandler","Grandma Tribbiani",2
5,"Chandler","Gunther",4
5,"Chandler","Hotel Clerk",1
5,"Chandler","Jay Leno",1
5,"Chandler","Joey",120
5,"Chandler","Joey's Doctor",1
5,"Chandler","Kara",3
5,"Chandler","Katie",1
5,"Chandler","Kim",1
5,"Chandler","Krista",1
5,"Chandler","Man",1
5,"Chandler","Minister",1
5,"Chandler","Monica",129
5,"Chandler","Mr Geller",4
5,"Chandler","Mr Waltham",2
5,"Chandler","Mrs Geller",5
5,"Chandler","Mrs Waltham",2
5,"Chandler","Nurse",2
5,"Chandler","Phoebe",89
5,"Chandler","Rachel",85
5,"Chandler","Ross",96
5,"Chandler","The Croupier",1
5,"Chandler","The Doctor",1
5,"Chandler","The Guys",1
5,"Chandler","The Paramedic",1
5,"Chandler","Voice",1
5,"Chandler","Woman",1
5,"Cop","Gary",1
5,"Cop","Guy",1
5,"Cop","Joey",1
5,"Cop","Monica",1
5,"Cop","Phoebe",2
5,"Cop","Rachel",1
5,"Cop","Voice",1
5,"Cynthia","Joey",1
5,"Cynthia","Rachel",1
5,"Dan","Dr Harad",2
5,"Dan","Frank",2
5,"Dan","Joey",1
5,"Dan","Joey's Doctor",1
5,"Dan","Monica",3
5,"Dan","Nurse",1
5,"Dan","Phoebe",2
5,"Dan","Rachel",2
5,"Dan","Ross",1
5,"Danny","Danny's Sister",1
5,"Danny","Joey",3
5,"Danny","Krista",3
5,"Danny","Monica",7
5,"Danny","Phoebe",2
5,"Danny","Rachel",10
5,"Danny","Tom",1
5,"Danny's Sister","Krista",1
5,"Danny's Sister","Rachel",1
5,"Dave","Joey",1
5,"Dave","Monica",1
5,"Dave","Rachel",1
5,"Dave","Ross",1
5,"Delivery Girl","Ross",1
5,"Doug","Kara",3
5,"Doug","Monica",3
5,"Dr Harad","Frank",4
5,"Dr Harad","Joey",3
5,"Dr Harad","Joey's Doctor",1
5,"Dr Harad","Monica",3
5,"Dr Harad","Nurse",1
5,"Dr Harad","Phoebe",5
5,"Dr Harad","Rachel",4
5,"Dr Harad","Ross",3
5,"Dr Ledbetter","Ross",1
5,"Dr Leedbetter","Ross",1
5,"Dr Miller","Monica",1
5,"Dr Miller","Rachel",1
5,"Dr Miller","The Doctor",1
5,"Dr Oberman","Frank",1
5,"Dr Oberman","Phoebe",1
5,"Dr Oberman","Ross",1
5,"Drunken Gambler","Monica",2
5,"Drunken Gambler","The Croupier",1
5,"Elizabeth","Ross",2
5,"Emeril","Monica",1
5,"Emily","Joey",4
5,"Emily","Minister",1
5,"Emily","Monica",5
5,"Emily","Mr Geller",1
5,"Emily","Mr Waltham",1
5,"Emily","Mrs Geller",2
5,"Emily","Mrs Waltham",1
5,"Emily","Phoebe",3
5,"Emily","Rachel",5
5,"Emily","Ross",5
5,"Estelle","Joey",1
5,"Fat Monica","Monica",1
5,"Fat Monica","Mr Geller",1
5,"Fat Monica","Mrs Geller",1
5,"Fat Monica","Ross",1
5,"Frank","Joey",3
5,"Frank","Joey's Doctor",1
5,"Frank","Monica",3
5,"Frank","Nurse",1
5,"Frank","Phoebe",5
5,"Frank","Rachel",4
5,"Frank","Ross",4
5,"Frank Sr.","Joey",1
5,"Frank Sr.","Man",1
5,"Frank Sr.","Monica",1
5,"Frank Sr.","Phoebe",2
5,"Frank Sr.","Rachel",1
5,"Frank Sr.","Ross",1
5,"Gary","Gary's Radio",1
5,"Gary","Joey",7
5,"Gary","Monica",7
5,"Gary","Phoebe",11
5,"Gary","Rachel",2
5,"Gary","Ross",6
5,"Gary","Voice",1
5,"Gary Collins","Joey",2
5,"Gary Collins","Pbs Volunteer",1
5,"Gary Collins","Phoebe",2
5,"Gary Collins","Stage Director",1
5,"Gary's Radio","Monica",1
5,"Gary's Radio","Phoebe",1
5,"Gate Agent","Rachel",1
5,"Gate Agent","Ross",1
5,"Grandma Tribbiani","Joey",2
5,"Grandma Tribbiani","Monica",1
5,"Grandma Tribbiani","Phoebe",2
5,"Grandma Tribbiani","Rachel",2
5,"Grandma Tribbiani","Ross",2
5,"Guest #1","Party Guests",1
5,"Guest #1","Phoebe",1
5,"Guest #1","Ross",1
5,"Guest #1","Steve",1
5,"Guest #2","Guest #3",1
5,"Guest #2","Phoebe",1
5,"Guest #2","Ross",1
5,"Guest #2","Steve",1
5,"Guest #3","Phoebe",1
5,"Guest #3","Ross",1
5,"Guest #3","Steve",1
5,"Gunther","Janice",1
5,"Gunther","Joey",5
5,"Gunther","Larry",1
5,"Gunther","Monica",3
5,"Gunther","Phoebe",4
5,"Gunther","Rachel",3
5,"Gunther","Ross",4
5,"Guy","Phoebe",2
5,"Guy","Rachel",1
5,"Guy","Ross",2
5,"Guy","Steve",1
5,"Health Inspector","Larry",1
5,"Health Inspector","Monica",1
5,"Health Inspector","Phoebe",1
5,"Hotel Clerk","Monica",1
5,"Janice","Joey",3
5,"Janice","Monica",1
5,"Janice","Phoebe",2
5,"Janice","Rachel",2
5,"Janice","Ross",3
5,"Jay Leno","Joey",1
5,"Jay Leno","Monica",1
5,"Jay Leno","Phoebe",1
5,"Jay Leno","Rachel",1
5,"Jay Leno","Ross",1
5,"Jen","Joey",1
5,"Jen","Ross",2
5,"Jen","The Hot Girl",1
5,"Jen","The Man",1
5,"Joey","Joey's Doctor",3
5,"Joey","Joey's Hand Twin",2
5,"Joey","Katie",3
5,"Joey","Krista",1
5,"Joey","Kyle",1
5,"Joey","Man",1
5,"Joey","Minister",1
5,"Joey","Monica",97
5,"Joey","Mr Geller",1
5,"Joey","Mr Waltham",1
5,"Joey","Mrs Geller",2
5,"Joey","Mrs Waltham",1
5,"Joey","Nurse",2
5,"Joey","Pbs Volunteer",1
5,"Joey","Phoebe",87
5,"Joey","Rachel",87
5,"Joey","Raymond",1
5,"Joey","Ross",102
5,"Joey","Stage Director",2
5,"Joey","Stanley",1
5,"Joey","The Grip",1
5,"Joey","The Guys",1
5,"Joey","The Husband",1
5,"Joey","The Little Girl",1
5,"Joey","The Old Man",1
5,"Joey","The Pastor",1
5,"Joey","The Security Guard",1
5,"Joey","The Woman Dealer",1
5,"Joey","Voice",1
5,"Joey","Woman",1
5,"Joey's Doctor","Monica",2
5,"Joey's Doctor","Phoebe",1
5,"Joey's Doctor","Rachel",1
5,"Joey's Doctor","Ross",2
5,"Joey's Hand Twin","Phoebe",1
5,"Joey's Hand Twin","The Security Guard",1
5,"Kara","Monica",3
5,"Katie","Monica",1
5,"Katie","Phoebe",1
5,"Katie","Rachel",2
5,"Katie","Ross",1
5,"Kim","Nancy",4
5,"Kim","Rachel",4
5,"Krista","Monica",1
5,"Krista","Rachel",3
5,"Kyle","Ross",1
5,"Larry","Monica",1
5,"Larry","Phoebe",3
5,"Man","Monica",1
5,"Man","Phoebe",1
5,"Man","Rachel",1
5,"Man","Ross",1
5,"Minister","Mrs Geller",1
5,"Minister","Rachel",1
5,"Minister","Ross",1
5,"Monica","Mr Geller",4
5,"Monica","Mr Waltham",2
5,"Monica","Mrs Geller",4
5,"Monica","Mrs Waltham",2
5,"Monica","Nurse",2
5,"Monica","Phoebe",88
5,"Monica","Rachel",100
5,"Monica","Ross",78
5,"Monica","The Croupier",2
5,"Monica","The Doctor",2
5,"Monica","The Guys",1
5,"Monica","The Husband",1
5,"Monica","The Man",1
5,"Monica","The Paramedic",1
5,"Monica","The Pastor",1
5,"Monica","The Teacher",1
5,"Monica","Tom",1
5,"Monica","Voice",1
5,"Mr Geller","Mr Waltham",1
5,"Mr Geller","Mrs Geller",4
5,"Mr Geller","Mrs Waltham",1
5,"Mr Geller","Phoebe",1
5,"Mr Geller","Rachel",3
5,"Mr Geller","Ross",4
5,"Mr Geller","The Doctor",1
5,"Mr Geller","The Paramedic",1
5,"Mr Waltham","Mrs Geller",1
5,"Mr Waltham","Mrs Waltham",2
5,"Mr Waltham","Phoebe",1
5,"Mr Waltham","Rachel",2
5,"Mr Waltham","Ross",2
5,"Mr Zelner","Rachel",2
5,"Mrs Bing","The Housekeeper",1
5,"Mrs Geller","Mrs Waltham",1
5,"Mrs Geller","Phoebe",1
5,"Mrs Geller","Rachel",4
5,"Mrs Geller","Ross",5
5,"Mrs Geller","The Doctor",1
5,"Mrs Geller","The Paramedic",1
5,"Mrs Waltham","Phoebe",1
5,"Mrs Waltham","Rachel",2
5,"Mrs Waltham","Ross",2
5,"Nancy","Rachel",4
5,"Nurse","Phoebe",2
5,"Nurse","Rachel",2
5,"Nurse","Ross",2
5,"Party Guests","Phoebe",1
5,"Party Guests","Ross",1
5,"Party Guests","Steve",1
5,"Pbs Volunteer","Phoebe",1
5,"Pbs Volunteer","Stage Director",1
5,"Phoebe","Rachel",78
5,"Phoebe","Ross",76
5,"Phoebe","Stage Director",1
5,"Phoebe","Steve",3
5,"Phoebe","The Croupier",1
5,"Phoebe","The Guys",1
5,"Phoebe","The Lurker",2
5,"Phoebe","The Man",1
5,"Phoebe","The Pastor",1
5,"Phoebe","The Security Guard",2
5,"Phoebe","The Smoking Woman",1
5,"Phoebe","The Teacher",2
5,"Phoebe","Ursula",1
5,"Phoebe","Voice",1
5,"Phoebe","Woman",1
5,"Rachel","Ross",92
5,"Rachel","The Doctor",2
5,"Rachel","The Guys",1
5,"Rachel","The Paramedic",1
5,"Rachel","The Pastor",1
5,"Rachel","The Salesman",1
5,"Rachel","The Teacher",2
5,"Rachel","Tom",1
5,"Rachel","Voice",1
5,"Rachel","Woman No. 1",1
5,"Rachel","Woman No. 2",1
5,"Raymond","Ross",1
5,"Ross","Steve",3
5,"Ross","The Doctor",1
5,"Ross","The Guys",1
5,"Ross","The Hot Girl",1
5,"Ross","The Little Girl",1
5,"Ross","The Man",1
5,"Ross","The Old Man",1
5,"Ross","The Paramedic",1
5,"Ross","The Pastor",1
5,"Ross","The Salesman",1
5,"Ross","The Saleswoman",1
5,"Ross","Woman",1
5,"Stanley","The Grip",1
5,"The Doctor","The Paramedic",1
5,"The Hot Girl","The Man",1
5,"The Little Girl","The Old Man",1
5,"The Lurker","The Security Guard",1
5,"Woman No. 1","Woman No. 2",1
6,"a Crew Member","Alex",1
6,"a Crew Member","Chandler",1
6,"a Crew Member","Joey",1
6,"a Crew Member","The Director",1
6,"a Male Customer","Jill",1
6,"a Male Customer","Joey",1
6,"a Male Customer","Rachel",1
6,"a Male Customer","Woman",1
6,"a Student","Rachel",1
6,"a Student","Ross",1
6,"Alex","Chandler",1
6,"Alex","Joey",1
6,"Alex","The Director",1
6,"Another Man's Voice","Man's Voice",1
6,"Another Man's Voice","Phoebe",1
6,"Another Man's Voice","Same Man's Voice",1
6,"Another Man's Voice","Ursula",1
6,"Arthur","Jack",1
6,"Arthur","Phoebe",1
6,"Arthur","Woman",1
6,"Barry","Rachel",1
6,"Ben","Carol",1
6,"Ben","Ross",1
6,"Burt","Elizabeth",3
6,"Burt","Lydia",1
6,"Burt","Mel",1
6,"Burt","Ross",3
6,"C.h.e.e.s.e.","Joey",2
6,"C.h.e.e.s.e.","The Producer",1
6,"C.h.e.e.s.e.","Wayne",1
6,"Carl","Chandler",1
6,"Carl","Joey",2
6,"Carl","Monica",1
6,"Carl","The Doctor",1
6,"Carol","Ross",3
6,"Carol","Susan",1
6,"Casting Director #1","Joey",1
6,"Casting Director #2","Joey",1
6,"Casting Director #3","Joey",1
6,"Chandler","Croupler",1
6,"Chandler","Customer",1
6,"Chandler","Dana",2
6,"Chandler","Eldad",1
6,"Chandler","Elizabeth",2
6,"Chandler","Estelle",1
6,"Chandler","Fireman #1",1
6,"Chandler","Gunther",4
6,"Chandler","Interviewer",1
6,"Chandler","Janice",2
6,"Chandler","Janice's Voice",1
6,"Chandler","Janine",9
6,"Chandler","Jill",2
6,"Chandler","Joey",98
6,"Chandler","Kim",1
6,"Chandler","Lisa",1
6,"Chandler","Lorraine",1
6,"Chandler","Male Jeweler",1
6,"Chandler","Matire'd",1
6,"Chandler","Monica",115
6,"Chandler","Mr Geller",2
6,"Chandler","Mrs Geller",2
6,"Chandler","Patrick",1
6,"Chandler","Paul",3
6,"Chandler","Phoebe",72
6,"Chandler","Rachel",64
6,"Chandler","Richard",3
6,"Chandler","Richard's Date",1
6,"Chandler","Ross",63
6,"Chandler","Sebastian",1
6,"Chandler","The Director",1
6,"Chandler","The Girls",2
6,"Chandler","The Guys",1
6,"Chandler","The Museum Official",2
6,"Chandler","The Vampire",1
6,"Chandler","Wayne",1
6,"Chandler","Woman",2
6,"Croupler","Monica",1
6,"Customer","Gunther",2
6,"Customer","Jill",1
6,"Customer","Joey",2
6,"Customer","Monica",1
6,"Customer","Phoebe",2
6,"Customer","Rachel",2
6,"Customer","Ross",2
6,"Customer","Woman",1
6,"Customers","Gunther",1
6,"Customers","Joey",1
6,"Customers","Patron",1
6,"Director","Girl",1
6,"Director","Janine",1
6,"Director","Joey",4
6,"Director","Joey's Head",1
6,"Director","Monica",3
6,"Director","Ross",4
6,"Dr Drake Remoray","Dr Wesley",1
6,"Dr Drake Remoray","Hope",1
6,"Dr Drake Remoray","Nurse",1
6,"Dr Drake Remoray","Rachel",1
6,"Dr Leedbetter","Joey",1
6,"Dr Leedbetter","Monica",1
6,"Dr Leedbetter","Phoebe",1
6,"Dr Leedbetter","Rachel",1
6,"Dr Leedbetter","Ross",1
6,"Dr Roger","Monica",1
6,"Dr Wesley","Hope",1
6,"Dr Wesley","Nurse",1
6,"Dr Wesley","Rachel",1
6,"Eldad","Monica",1
6,"Eldad","Patrick",1
6,"Eldad","Phoebe",1
6,"Eldad","Rachel",1
6,"Elizabeth","First Dorm Guy",1
6,"Elizabeth","Guy",1
6,"Elizabeth","Joey",1
6,"Elizabeth","Lydia",1
6,"Elizabeth","Mel",1
6,"Elizabeth","Monica",2
6,"Elizabeth","Paul",7
6,"Elizabeth","Phoebe",2
6,"Elizabeth","Professor Feesen",1
6,"Elizabeth","Rachel",8
6,"Elizabeth","Ross",17
6,"Elizabeth","Sarah",1
6,"Elizabeth","Second Dorm Guy",1
6,"Elizabeth","The Girls",1
6,"Elizabeth","Zoe",1
6,"Emil Alexander","Joey",1
6,"Emil Alexander","Mr Bowmont",1
6,"Emil Alexander","Phoebe",1
6,"Emil Alexander","Rachel",1
6,"Estelle","Joey",2
6,"Estelle","Monica",1
6,"Estelle","Phoebe",1
6,"Female Clerk","Joey",1
6,"Female Jeweler","Male Jeweler",1
6,"Female Jeweler","Phoebe",1
6,"Fireman #1","Joey",1
6,"Fireman #1","Monica",1
6,"Fireman #1","Phoebe",1
6,"Fireman #1","Rachel",1
6,"Fireman #2","Phoebe",1
6,"Fireman #2","Rachel",1
6,"First Dorm Guy","Ross",1
6,"First Dorm Guy","Sarah",1
6,"First Dorm Guy","Second Dorm Guy",1
6,"First Dorm Guy","The Girls",1
6,"First Dorm Guy","Zoe",1
6,"Girl","Janine",1
6,"Girl","Joey",1
6,"Girl","Monica",1
6,"Girl","Ross",1
6,"Gunther","Jill",1
6,"Gunther","Joey",11
6,"Gunther","Monica",3
6,"Gunther","Patron",1
6,"Gunther","Phoebe",5
6,"Gunther","Rachel",5
6,"Gunther","Ross",7
6,"Gunther","The Fan",1
6,"Gunther","Woman",1
6,"Guy","Ross",1
6,"Guy #1","Joey",1
6,"Guy #1","Woman",1
6,"Guy #2","Joey",1
6,"Guy #2","The Porsche Owner",1
6,"Hillary","Ross",2
6,"Hitchhiker","Joey",3
6,"Hitchhiker","Phoebe",3
6,"Hope","Nurse",1
6,"Hope","Rachel",1
6,"Interviewer","Monica",1
6,"Jack","Phoebe",1
6,"Jack","Woman",1
6,"Janice","Joey",1
6,"Janice","Lorraine",1
6,"Janice","Monica",1
6,"Janice","Phoebe",1
6,"Janice","Ross",1
6,"Janice's Voice","Monica",1
6,"Janine","Joey",13
6,"Janine","Monica",8
6,"Janine","Phoebe",2
6,"Janine","Rachel",4
6,"Janine","Ross",6
6,"Jill","Joey",3
6,"Jill","Monica",3
6,"Jill","Phoebe",2
6,"Jill","Rachel",8
6,"Jill","Ross",6
6,"Jill","Woman",2
6,"Joey","Joey's Head",1
6,"Joey","Lorraine",1
6,"Joey","Monica",69
6,"Joey","Mr Bowmont",1
6,"Joey","Mr Geller",2
6,"Joey","Mr Thompson",3
6,"Joey","Mrs Geller",3
6,"Joey","Patron",1
6,"Joey","Paul",2
6,"Joey","Phoebe",72
6,"Joey","Rachel",64
6,"Joey","Receptionist",1
6,"Joey","Ross",56
6,"Joey","The Director",1
6,"Joey","The Doctor",1
6,"Joey","The Dr Cleaner",3
6,"Joey","The Fan",1
6,"Joey","The Girls",2
6,"Joey","The Guys",1
6,"Joey","The Porsche Owner",1
6,"Joey","The Producer",1
6,"Joey","The Vampire",1
6,"Joey","Wayne",3
6,"Joey","Woman",6
6,"Joey's Head","Monica",1
6,"Joey's Head","Ross",1
6,"Judge","Rachel",1
6,"Judge","Ross",1
6,"Karin","Meg",1
6,"Karin","Phoebe",1
6,"Karin","Ross",1
6,"Karin","Stephanie",1
6,"Kim","Monica",1
6,"Kim","Phoebe",1
6,"Kim","Rachel",3
6,"Kim","Ralph Lauren",2
6,"Kim","Ross",1
6,"Lisa","Monica",1
6,"Lisa","Richard",1
6,"Lorraine","Phoebe",1
6,"Lorraine","Ross",1
6,"Lydia","Mel",1
6,"Lydia","Ross",1
6,"Male Jeweler","Phoebe",2
6,"Man's Voice","Phoebe",1
6,"Man's Voice","Same Man's Voice",1
6,"Man's Voice","Ursula",1
6,"Matire'd","Monica",1
6,"Matire'd","Richard",1
6,"Matire'd","Richard's Date",1
6,"Meg","Phoebe",1
6,"Meg","Ross",1
6,"Meg","Stephanie",1
6,"Mel","Ross",1
6,"Monica","Mr Geller",2
6,"Monica","Mrs Geller",3
6,"Monica","Patrick",1
6,"Monica","Paul",2
6,"Monica","Phoebe",74
6,"Monica","Rachel",75
6,"Monica","Richard",6
6,"Monica","Richard's Date",1
6,"Monica","Ross",63
6,"Monica","Sebastian",1
6,"Monica","The Girls",2
6,"Monica","The Guys",1
6,"Monica","The Museum Official",2
6,"Monica","The Professor",1
6,"Monica","The Vampire",1
6,"Monica","Waitress",1
6,"Monica","Woman",2
6,"Mr Bowmont","Phoebe",1
6,"Mr Bowmont","Rachel",1
6,"Mr Geller","Mrs Geller",2
6,"Mr Geller","Phoebe",2
6,"Mr Geller","Rachel",2
6,"Mr Geller","Ross",2
6,"Mr Geller","The Girls",1
6,"Mr Thompson","Phoebe",3
6,"Mr Thompson","Rachel",3
6,"Mrs Geller","Phoebe",2
6,"Mrs Geller","Rachel",3
6,"Mrs Geller","Ross",2
6,"Mrs Geller","The Girls",1
6,"Narrator","Rachel",1
6,"Narrator","Ross",1
6,"Nurse","Rachel",1
6,"Patrick","Phoebe",1
6,"Patrick","Rachel",1
6,"Paul","Phoebe",3
6,"Paul","Rachel",14
6,"Paul","Ross",10
6,"Phoebe","Rachel",92
6,"Phoebe","Ross",66
6,"Phoebe","Same Man's Voice",1
6,"Phoebe","Sebastian",1
6,"Phoebe","Stephanie",1
6,"Phoebe","The Dr Cleaner",2
6,"Phoebe","The Fan",1
6,"Phoebe","The Girls",2
6,"Phoebe","The Museum Official",1
6,"Phoebe","The Vampire",1
6,"Phoebe","Ursula",1
6,"Phoebe","Woman",3
6,"Professor Feesen","Ross",1
6,"Rachel","Ralph Lauren",2
6,"Rachel","Ross",92
6,"Rachel","Russell",1
6,"Rachel","Sebastian",1
6,"Rachel","The Girls",2
6,"Rachel","The Museum Official",1
6,"Rachel","The Professor",1
6,"Rachel","The Vampire",1
6,"Rachel","Woman",4
6,"Richard","Richard's Date",1
6,"Richard","Waitress",1
6,"Ross","Russell",1
6,"Ross","Sarah",1
6,"Ross","Sebastian",1
6,"Ross","Second Dorm Guy",1
6,"Ross","Stephanie",1
6,"Ross","Susan",1
6,"Ross","The Girls",3
6,"Ross","The Guys",1
6,"Ross","The Instructor",1
6,"Ross","The Professor",1
6,"Ross","The Vampire",1
6,"Ross","Woman",3
6,"Ross","Zoe",1
6,"Same Man's Voice","Ursula",1
6,"Sarah","Second Dorm Guy",1
6,"Sarah","The Girls",1
6,"Sarah","Zoe",1
6,"Second Dorm Guy","The Girls",1
6,"Second Dorm Guy","Zoe",1
6,"The Girls","Zoe",1
6,"The Producer","Wayne",1
7,"a Disembodied Voice","Phoebe",1
7,"a Disembodied Voice","The Fireman",1
7,"a Waiter in Drag","Announcer",1
7,"a Waiter in Drag","Chandler",1
7,"a Waiter in Drag","Helena",1
7,"a Waiter in Drag","Monica",1
7,"a Waiter in Drag","Waiter in Drag",1
7,"a Woman","Megan",1
7,"a Woman","Monica",1
7,"a Woman","Phoebe",1
7,"a Woman","Rachel",1
7,"a Woman","Woman",1
7,"Announcer","Chandler",1
7,"Announcer","Helena",1
7,"Announcer","Joey",2
7,"Announcer","Monica",1
7,"Announcer","Rachel",1
7,"Announcer","The Presenter",1
7,"Announcer","Waiter in Drag",1
7,"Aunt Millie","Frannie",1
7,"Aunt Millie","Monica",2
7,"Aunt Millie","Ross",2
7,"Aunt Millie","The Woman",1
7,"Ben","Carol",2
7,"Ben","Chandler",3
7,"Ben","Joey",1
7,"Ben","Monica",2
7,"Ben","Phoebe",2
7,"Ben","Rachel",6
7,"Ben","Ross",7
7,"C.h.e.e.s.e","Chandler",1
7,"C.h.e.e.s.e","Joey",1
7,"C.h.e.e.s.e","Mac",1
7,"C.h.e.e.s.e","Monica",1
7,"C.h.e.e.s.e","Phoebe",1
7,"C.h.e.e.s.e","Rachel",1
7,"C.h.e.e.s.e","Ross",1
7,"Carol","Rachel",2
7,"Carol","Ross",1
7,"Cassie","Chandler",1
7,"Cassie","Monica",1
7,"Cassie","Phoebe",1
7,"Cassie","Ross",3
7,"Cecilia","Dina",3
7,"Cecilia","Fredrick",1
7,"Cecilia","Jessica Lockhart",2
7,"Cecilia","Joey",5
7,"Cecilia","Monica",1
7,"Cecilia","Rachel",1
7,"Cecilia","The Director",2
7,"Cecilia","The Writer",1
7,"Chandler","Fat Monica",1
7,"Chandler","Female Student",1
7,"Chandler","Gary",1
7,"Chandler","Gunther",1
7,"Chandler","Guy",1
7,"Chandler","Helena",3
7,"Chandler","Hums While He Pees",1
7,"Chandler","Jake",1
7,"Chandler","Janice",3
7,"Chandler","Joey",63
7,"Chandler","Julie",1
7,"Chandler","Kristen",1
7,"Chandler","Mac",1
7,"Chandler","Maitre D'",1
7,"Chandler","Male Guest",1
7,"Chandler","Male Student",1
7,"Chandler","Monica",104
7,"Chandler","Mr Bing",2
7,"Chandler","Mr Geller",10
7,"Chandler","Mrs Bing",2
7,"Chandler","Mrs Geller",7
7,"Chandler","Phoebe",60
7,"Chandler","Rachel",54
7,"Chandler","Ross",61
7,"Chandler","Tag",8
7,"Chandler","The Chorus Line",1
7,"Chandler","The Colonel",1
7,"Chandler","The Knocker",1
7,"Chandler","The Man",1
7,"Chandler","The Photographer",1
7,"Chandler","The Rabbi",1
7,"Chandler","The Waitress",1
7,"Chandler","The Woman",2
7,"Chandler","Waiter in Drag",1
7,"Chandler","Woman",1
7,"David","Joey",1
7,"David","Monica",1
7,"David","Phoebe",3
7,"Dina","Fredrick",1
7,"Dina","Jessica Lockhart",2
7,"Dina","Joey",3
7,"Dina","The Director",2
7,"Dina","The Writer",1
7,"Dr Stryker Remoray","Joey",1
7,"Dr Stryker Remoray","Nurse #1",1
7,"Dr Stryker Remoray","Nurse #2",1
7,"Dr Stryker Remoray","Terry",1
7,"Dr Stryker Remoray","The Director",1
7,"Earl","Guy",1
7,"Earl","Marge",1
7,"Earl","Phoebe",4
7,"Earl","Supervisor",1
7,"Earl","The ""Hey Guy"" Guy",1
7,"Erin","Joey",4
7,"Erin","Joey's Date",1
7,"Erin","Phoebe",3
7,"Erin","Rachel",4
7,"Erin","Ross",1
7,"Estelle","Joey",1
7,"Estelle","Monica",1
7,"Estelle","Phoebe",1
7,"Fat Monica","Joey",1
7,"Fat Monica","Monica",1
7,"Fat Monica","Phoebe",1
7,"Fat Monica","Rachel",1
7,"Fat Monica","Ross",1
7,"Female Student","Male Student",1
7,"Female Student","Ross",1
7,"Frannie","Monica",1
7,"Frannie","Ross",1
7,"Frannie","The Woman",1
7,"Fredrick","Jessica Lockhart",1
7,"Fredrick","Joey",1
7,"Fredrick","The Director",1
7,"Gary","Monica",1
7,"Gary","The Knocker",1
7,"Gunther","Joey",2
7,"Gunther","Melissa",1
7,"Gunther","Monica",2
7,"Gunther","Mr Geller",1
7,"Gunther","Mrs Geller",1
7,"Gunther","Phoebe",1
7,"Gunther","Rachel",1
7,"Gunther","Ross",2
7,"Gunther","Woman",1
7,"Guy","Helena",1
7,"Guy","Monica",1
7,"Guy","Phoebe",2
7,"Guy","Rachel",1
7,"Guy","Ross",1
7,"Guy","Supervisor",1
7,"Guy","The ""Hey Guy"" Guy",1
7,"Guy","Tom",1
7,"Guy","Woman",1
7,"Helena","Monica",3
7,"Helena","The Chorus Line",1
7,"Helena","Waiter in Drag",1
7,"Hilda","Man",1
7,"Hilda","Rachel",1
7,"Hilda","Tag",1
7,"Hums While He Pees","Monica",1
7,"Hums While He Pees","Phoebe",1
7,"Hums While He Pees","Ross",1
7,"Jake","Joey",1
7,"Jake","Man",1
7,"Jake","Monica",1
7,"Jake","Phoebe",2
7,"Janice","Monica",3
7,"Janice","The Colonel",1
7,"Janice","The Waitress",1
7,"Jessica Ashley","Joey",1
7,"Jessica Ashley","Rachel",1
7,"Jessica Lockhart","Joey",2
7,"Jessica Lockhart","The Director",2
7,"Joey","Joey's Date",1
7,"Joey","Kristen",2
7,"Joey","Mac",1
7,"Joey","Man",1
7,"Joey","Melissa",1
7,"Joey","Monica",68
7,"Joey","Mr Bing",1
7,"Joey","Mr Geller",5
7,"Joey","Mrs Bing",1
7,"Joey","Mrs Geller",5
7,"Joey","Nurse #1",1
7,"Joey","Nurse #2",1
7,"Joey","Phoebe",70
7,"Joey","Rachel",80
7,"Joey","Richard",6
7,"Joey","Ross",60
7,"Joey","Tag",9
7,"Joey","Terry",2
7,"Joey","The Director",9
7,"Joey","The Man",1
7,"Joey","The Presenter",1
7,"Joey","The Rabbi",1
7,"Joey","The Waiter",1
7,"Joey","The Woman",1
7,"Joey","The Writer",1
7,"Joey","Waitress",1
7,"Joey","We Have 8",1
7,"Joey","Woman",3
7,"Joey's Date","Rachel",1
7,"Julie","Monica",1
7,"Kathy","Phoebe",1
7,"Kathy","Rachel",1
7,"Kathy","Tag",1
7,"Kristen","Ross",2
7,"Kristen","The Woman",1
7,"Kyle","Phoebe",1
7,"Kyle","Ross",1
7,"Kyle","Whitney",1
7,"Lewis","Morse",1
7,"Lewis","Ross",2
7,"Mac","Monica",1
7,"Mac","Phoebe",1
7,"Mac","Rachel",1
7,"Mac","Ross",1
7,"Maitre D'","Monica",1
7,"Male Guest","Monica",1
7,"Male Student","Ross",1
7,"Man","Phoebe",1
7,"Man","Rachel",1
7,"Man","Tag",1
7,"Marge","Phoebe",1
7,"Megan","Monica",2
7,"Megan","Phoebe",2
7,"Megan","Rachel",2
7,"Megan","The Woman",1
7,"Megan","Woman",1
7,"Melissa","Monica",1
7,"Melissa","Phoebe",3
7,"Melissa","Rachel",5
7,"Melissa","Ross",1
7,"Melissa","Tag",1
7,"Melissa","Woman",1
7,"Monica","Mr Bing",3
7,"Monica","Mr Geller",12
7,"Monica","Mrs Bing",3
7,"Monica","Mrs Geller",9
7,"Monica","Phoebe",83
7,"Monica","Rachel",56
7,"Monica","Ross",60
7,"Monica","Tag",7
7,"Monica","The Chorus Line",1
7,"Monica","The Colonel",1
7,"Monica","The Cute Guy",1
7,"Monica","The Knocker",1
7,"Monica","The Man",1
7,"Monica","The Photographer",1
7,"Monica","The Rabbi",1
7,"Monica","The Second Guest",1
7,"Monica","The Waitress",1
7,"Monica","The Wedding Guest",1
7,"Monica","The Woman",3
7,"Monica","Waiter in Drag",1
7,"Monica","Woman",5
7,"Morse","Ross",2
7,"Mr Bing","Mr Geller",3
7,"Mr Bing","Mrs Bing",3
7,"Mr Bing","Mrs Geller",3
7,"Mr Bing","Phoebe",3
7,"Mr Bing","Rachel",2
7,"Mr Bing","Ross",3
7,"Mr Bing","The Rabbi",1
7,"Mr Bing","Woman",1
7,"Mr Geller","Mrs Bing",3
7,"Mr Geller","Mrs Geller",9
7,"Mr Geller","Phoebe",8
7,"Mr Geller","Rachel",5
7,"Mr Geller","Ross",12
7,"Mr Geller","Tag",1
7,"Mr Geller","The Rabbi",1
7,"Mr Geller","Woman",1
7,"Mr Zelner","Rachel",1
7,"Mr Zelner","Tag",1
7,"Mrs Bing","Mrs Geller",3
7,"Mrs Bing","Phoebe",3
7,"Mrs Bing","Rachel",2
7,"Mrs Bing","Ross",3
7,"Mrs Bing","The Rabbi",1
7,"Mrs Bing","Woman",1
7,"Mrs Geller","Phoebe",7
7,"Mrs Geller","Rachel",6
7,"Mrs Geller","Ross",6
7,"Mrs Geller","Tag",1
7,"Mrs Geller","The Rabbi",1
7,"Mrs Geller","Woman",1
7,"Nurse #1","Nurse #2",1
7,"Nurse #1","Terry",1
7,"Nurse #1","The Director",1
7,"Nurse #2","Terry",1
7,"Nurse #2","The Director",1
7,"Phoebe","Rachel",81
7,"Phoebe","Ross",63
7,"Phoebe","Smoke Detector",1
7,"Phoebe","Supervisor",2
7,"Phoebe","Tag",8
7,"Phoebe","The ""Hey Guy"" Guy",1
7,"Phoebe","The Cute Guy",1
7,"Phoebe","The Fireman",1
7,"Phoebe","The Other Woman",1
7,"Phoebe","The Rabbi",1
7,"Phoebe","The Waiter",1
7,"Phoebe","The Woman",1
7,"Phoebe","Tom",1
7,"Phoebe","Ursula",1
7,"Phoebe","Waitress",1
7,"Phoebe","Whitney",2
7,"Phoebe","Woman",6
7,"Policeman","Rachel",2
7,"Policeman","Ross",2
7,"Rachel","Ross",56
7,"Rachel","Tag",23
7,"Rachel","The Other Woman",1
7,"Rachel","The Presenter",1
7,"Rachel","The Rabbi",2
7,"Rachel","The Woman",2
7,"Rachel","Tom",1
7,"Rachel","Woman",5
7,"Richard","The Director",5
7,"Ross","Salesman",1
7,"Ross","Tag",7
7,"Ross","The Head Librarian",1
7,"Ross","The Librarian",1
7,"Ross","The Rabbi",1
7,"Ross","The Second Guest",1
7,"Ross","The Wedding Guest",1
7,"Ross","The Woman",2
7,"Ross","We Have 8",1
7,"Ross","Whitney",2
7,"Ross","Woman",5
7,"Supervisor","The ""Hey Guy"" Guy",1
7,"Terry","The Director",1
7,"The Colonel","The Waitress",1
7,"The Head Librarian","The Librarian",1
7,"The Other Woman","Woman",1
7,"The Second Guest","The Wedding Guest",1
7,"Waitress","Woman",1
8,"Airline Employee","Chandler",1
8,"Airline Employee","Monica",1
8,"Ashley","Bandleader",1
8,"Ashley","Chandler",1
8,"Ashley","Dennis Phillips",1
8,"Ashley","Fat Girl",1
8,"Ashley","Gert",1
8,"Ashley","Joey",1
8,"Ashley","Little Girl",1
8,"Ashley","Mona",1
8,"Ashley","Monica",1
8,"Ashley","Mr Geller",1
8,"Ashley","Phoebe",1
8,"Ashley","Rachel",1
8,"Ashley","Ross",1
8,"Ashley","Second Girl",1
8,"Aunt Lisa","Chandler",2
8,"Aunt Lisa","Joey",2
8,"Aunt Lisa","Man",2
8,"Aunt Lisa","Monica",2
8,"Aunt Lisa","Mr Geller",2
8,"Aunt Lisa","Mrs Geller",2
8,"Aunt Lisa","Parker",2
8,"Aunt Lisa","Phoebe",2
8,"Aunt Lisa","Rachel",2
8,"Aunt Lisa","Ross",2
8,"Aunt Lisa","Uncle Dan",1
8,"Bandleader","Chandler",2
8,"Bandleader","Dennis Phillips",2
8,"Bandleader","Fat Girl",1
8,"Bandleader","Funny",1
8,"Bandleader","Gert",1
8,"Bandleader","Joey",2
8,"Bandleader","Little Girl",1
8,"Bandleader","Mona",2
8,"Bandleader","Monica",2
8,"Bandleader","Mr Geller",1
8,"Bandleader","Mrs Bing",1
8,"Bandleader","Phoebe",2
8,"Bandleader","Rachel",2
8,"Bandleader","Ross",2
8,"Bandleader","Second Girl",1
8,"Bandleader","Waiter",1
8,"Bandleader","Woman",1
8,"Ben","Phoebe",1
8,"Ben","The Teacher",1
8,"Bob","Chandler",5
8,"Bob","Mr Franklin",2
8,"Bob","Ross",1
8,"Boy in the Cape","Chandler",1
8,"Boy in the Cape","Gunther",1
8,"Boy in the Cape","Joey",1
8,"Boy in the Cape","Kid",1
8,"Boy in the Cape","Monica",1
8,"Boy in the Cape","Rachel",1
8,"Cashier","Rachel",1
8,"Cashier","Ross",1
8,"Chandler","Clown",1
8,"Chandler","Cowgirl",1
8,"Chandler","Dennis Phillips",2
8,"Chandler","Don",2
8,"Chandler","Doug",3
8,"Chandler","Eric",2
8,"Chandler","Estelle",1
8,"Chandler","Fat Girl",1
8,"Chandler","Front Desk Clerk",2
8,"Chandler","Funny",1
8,"Chandler","Gert",1
8,"Chandler","Girl",1
8,"Chandler","Gunther",3
8,"Chandler","Hooker",2
8,"Chandler","Host",1
8,"Chandler","i Understand",1
8,"Chandler","Janice",1
8,"Chandler","Janine",1
8,"Chandler","Jill",1
8,"Chandler","Joey",61
8,"Chandler","Kid",1
8,"Chandler","Kids",1
8,"Chandler","Lauren",1
8,"Chandler","Little Girl",1
8,"Chandler","Man",3
8,"Chandler","Man at the Wedding",1
8,"Chandler","Man on Tv",1
8,"Chandler","Mike",1
8,"Chandler","Mona",5
8,"Chandler","Monica",82
8,"Chandler","Mr Franklin",2
8,"Chandler","Mr Geller",3
8,"Chandler","Mrs Bing",1
8,"Chandler","Mrs Geller",2
8,"Chandler","Nurse",1
8,"Chandler","Parker",3
8,"Chandler","Phoebe",50
8,"Chandler","Photographer",2
8,"Chandler","Rachel",48
8,"Chandler","Ross",44
8,"Chandler","Second Girl",1
8,"Chandler","Stripper",1
8,"Chandler","The Interviewer",7
8,"Chandler","Ticket Agent",1
8,"Chandler","Uncle Dan",1
8,"Chandler","Ursula",2
8,"Chandler","Waiter",1
8,"Chandler","will",2
8,"Chandler","Witch",1
8,"Chandler","Woman",4
8,"Chandler","Woman on Tv",1
8,"Cliff","Joey",2
8,"Cliff","Man",1
8,"Cliff","Phoebe",2
8,"Clown","Cowgirl",1
8,"Clown","Eric",1
8,"Clown","Girl",1
8,"Clown","Joey",1
8,"Clown","Kids",1
8,"Clown","Mona",1
8,"Clown","Monica",1
8,"Clown","Phoebe",1
8,"Clown","Rachel",1
8,"Clown","Ross",1
8,"Clown","Ursula",1
8,"Clown","Witch",1
8,"Cowgirl","Eric",1
8,"Cowgirl","Girl",1
8,"Cowgirl","Joey",1
8,"Cowgirl","Kids",1
8,"Cowgirl","Mona",1
8,"Cowgirl","Monica",1
8,"Cowgirl","Phoebe",1
8,"Cowgirl","Rachel",1
8,"Cowgirl","Ross",1
8,"Cowgirl","Ursula",1
8,"Cowgirl","Witch",1
8,"Dennis Phillips","Fat Girl",1
8,"Dennis Phillips","Funny",1
8,"Dennis Phillips","Gert",1
8,"Dennis Phillips","Joey",2
8,"Dennis Phillips","Little Girl",1
8,"Dennis Phillips","Mona",2
8,"Dennis Phillips","Monica",2
8,"Dennis Phillips","Mr Geller",1
8,"Dennis Phillips","Mrs Bing",1
8,"Dennis Phillips","Phoebe",2
8,"Dennis Phillips","Rachel",2
8,"Dennis Phillips","Ross",2
8,"Dennis Phillips","Second Girl",1
8,"Dennis Phillips","Waiter",1
8,"Dennis Phillips","Woman",1
8,"Dina","Joey",4
8,"Dina","Rachel",4
8,"Director","Dr Drake Ramoray",1
8,"Director","Joey",1
8,"Director","Joey's Co-Star",1
8,"Director","Kash",1
8,"Director","Rachel",1
8,"Doctor","Dr Long",1
8,"Doctor","Joey",1
8,"Doctor","Rachel",2
8,"Doctor","Ross",2
8,"Doctor","Woman Giving Birth",1
8,"Don","Monica",2
8,"Don","Phoebe",2
8,"Doug","Monica",1
8,"Dr Drake Ramoray","Joey",1
8,"Dr Drake Ramoray","Joey's Co-Star",1
8,"Dr Drake Ramoray","Kash",1
8,"Dr Drake Ramoray","Rachel",1
8,"Dr Green","Joey",2
8,"Dr Green","Mona",3
8,"Dr Green","Phoebe",3
8,"Dr Green","Rachel",3
8,"Dr Green","Ross",3
8,"Dr Green","Waiter",1
8,"Dr Long","Joey",1
8,"Dr Long","Julie",1
8,"Dr Long","Man",1
8,"Dr Long","Marc",1
8,"Dr Long","Nurse",1
8,"Dr Long","Rachel",8
8,"Dr Long","Ross",8
8,"Dr Long","Woman",1
8,"Dr Long","Woman Giving Birth",1
8,"Dr Schiff","Nurse",1
8,"Dr Schiff","Rachel",1
8,"Eric","Girl",1
8,"Eric","Joey",2
8,"Eric","Kids",1
8,"Eric","Mona",2
8,"Eric","Monica",2
8,"Eric","Phoebe",6
8,"Eric","Rachel",3
8,"Eric","Ross",3
8,"Eric","Ursula",2
8,"Eric","Witch",1
8,"Erin","Joey",1
8,"Erin","Man",1
8,"Erin","Ray",1
8,"Estelle","Joey",1
8,"Estelle","Monica",1
8,"Estelle","Phoebe",1
8,"Estelle","Rachel",1
8,"Evil Bitch","Rachel",1
8,"Evil Bitch","Ross",1
8,"Evil Bitch","Sick Bastard",1
8,"Fat Girl","Gert",1
8,"Fat Girl","Joey",1
8,"Fat Girl","Little Girl",1
8,"Fat Girl","Mona",1
8,"Fat Girl","Monica",1
8,"Fat Girl","Mr Geller",1
8,"Fat Girl","Phoebe",1
8,"Fat Girl","Rachel",1
8,"Fat Girl","Ross",1
8,"Fat Girl","Second Girl",1
8,"Front Desk Clerk","Joey",1
8,"Front Desk Clerk","Man",1
8,"Front Desk Clerk","Monica",2
8,"Front Desk Clerk","Phoebe",1
8,"Front Desk Clerk","Rachel",1
8,"Front Desk Clerk","Woman",1
8,"Funny","Joey",1
8,"Funny","Mona",1
8,"Funny","Monica",1
8,"Funny","Mrs Bing",1
8,"Funny","Phoebe",1
8,"Funny","Rachel",1
8,"Funny","Ross",1
8,"Funny","Waiter",1
8,"Funny","Woman",1
8,"Gert","Joey",1
8,"Gert","Little Girl",1
8,"Gert","Mona",1
8,"Gert","Monica",1
8,"Gert","Mr Geller",1
8,"Gert","Phoebe",1
8,"Gert","Rachel",1
8,"Gert","Ross",1
8,"Gert","Second Girl",1
8,"Girl","Joey",1
8,"Girl","Kids",1
8,"Girl","Mona",1
8,"Girl","Monica",1
8,"Girl","Phoebe",1
8,"Girl","Rachel",1
8,"Girl","Ross",1
8,"Girl","Ursula",1
8,"Girl","Witch",1
8,"Gunther","Host",1
8,"Gunther","Joey",7
8,"Gunther","Kid",1
8,"Gunther","Lauren",1
8,"Gunther","Mike",1
8,"Gunther","Monica",2
8,"Gunther","Phoebe",2
8,"Gunther","Rachel",4
8,"Gunther","Ross",4
8,"Gunther","The Interviewer",2
8,"Guy","Jim",1
8,"Guy","Monica",2
8,"Guy","Phoebe",3
8,"Guy","Tim",1
8,"Hooker","Joey",2
8,"Hooker","Monica",1
8,"Host","Joey",1
8,"Host","Lauren",1
8,"Host","Mike",1
8,"Host","Monica",1
8,"Host","Phoebe",1
8,"Host","Rachel",1
8,"Host","Ross",1
8,"Host","The Interviewer",1
8,"i Understand","Joey",1
8,"i Understand","Mona",1
8,"i Understand","Monica",1
8,"i Understand","Ross",1
8,"Janice","Man",1
8,"Janice","Monica",1
8,"Janice","Rachel",3
8,"Janice","Ross",3
8,"Janice","Sid",1
8,"Janine","Jill",1
8,"Janine","Joey",1
8,"Janine","Rachel",1
8,"Janine","Ross",1
8,"Janine","The Interviewer",1
8,"Janine","Woman",1
8,"Jill","Joey",1
8,"Jill","Rachel",1
8,"Jill","Ross",1
8,"Jill","The Interviewer",1
8,"Jill","Woman",1
8,"Jim","Phoebe",2
8,"Joey","Joey's Co-Star",1
8,"Joey","Joey's Date",1
8,"Joey","Kash",2
8,"Joey","Kid",1
8,"Joey","Kids",1
8,"Joey","Lauren",1
8,"Joey","Little Girl",1
8,"Joey","Man",5
8,"Joey","Mike",1
8,"Joey","Mona",8
8,"Joey","Monica",52
8,"Joey","Mr Geller",3
8,"Joey","Mr Treeger",2
8,"Joey","Mr Zelner",1
8,"Joey","Mrs Bing",1
8,"Joey","Mrs Geller",2
8,"Joey","Nurse",2
8,"Joey","Parker",3
8,"Joey","Phoebe",56
8,"Joey","Photographer",1
8,"Joey","Rachel",75
8,"Joey","Ray",1
8,"Joey","Ross",59
8,"Joey","Second Girl",1
8,"Joey","Stripper",1
8,"Joey","The Acting Teacher",1
8,"Joey","The Cooking Teacher",3
8,"Joey","The Food Critic",1
8,"Joey","The Interviewer",7
8,"Joey","Uncle Dan",1
8,"Joey","Ursula",2
8,"Joey","Waiter",2
8,"Joey","Waitress",1
8,"Joey","will",2
8,"Joey","Witch",1
8,"Joey","Woman",2
8,"Joey's Co-Star","Kash",1
8,"Joey's Co-Star","Rachel",1
8,"Julie","Man",1
8,"Julie","Marc",2
8,"Julie","Mrs Geller",1
8,"Julie","Rachel",2
8,"Julie","Ross",2
8,"Julie","Woman",1
8,"Kash","Rachel",2
8,"Kash","Ross",1
8,"Katie","Rachel",2
8,"Katie","Ross",2
8,"Kid","Monica",1
8,"Kid","Rachel",1
8,"Kids","Mona",1
8,"Kids","Monica",1
8,"Kids","Phoebe",1
8,"Kids","Rachel",1
8,"Kids","Ross",1
8,"Kids","Ursula",1
8,"Kids","Witch",1
8,"Kristen","Ross",1
8,"Lauren","Mike",1
8,"Lauren","Monica",1
8,"Lauren","Phoebe",1
8,"Lauren","Rachel",1
8,"Lauren","Ross",1
8,"Lauren","The Interviewer",1
8,"Little Girl","Mona",1
8,"Little Girl","Monica",1
8,"Little Girl","Mr Geller",1
8,"Little Girl","Phoebe",1
8,"Little Girl","Rachel",1
8,"Little Girl","Ross",1
8,"Little Girl","Second Girl",1
8,"Locksmith","Mona",1
8,"Locksmith","Ross",1
8,"Man","Marc",1
8,"Man","Monica",3
8,"Man","Mr Geller",2
8,"Man","Mrs Geller",2
8,"Man","Parker",2
8,"Man","Phoebe",3
8,"Man","Rachel",4
8,"Man","Ray",1
8,"Man","Ross",4
8,"Man","Sid",1
8,"Man","Uncle Dan",1
8,"Man","Woman",2
8,"Man at the Wedding","Ross",1
8,"Man on Tv","Monica",1
8,"Man on Tv","Rachel",1
8,"Man on Tv","Woman on Tv",2
8,"Marc","Mrs Geller",1
8,"Marc","Rachel",2
8,"Marc","Ross",2
8,"Marc","Woman",1
8,"Mike","Monica",1
8,"Mike","Phoebe",1
8,"Mike","Rachel",1
8,"Mike","Ross",1
8,"Mike","The Interviewer",1
8,"Mona","Mona's Date",1
8,"Mona","Monica",5
8,"Mona","Mr Geller",1
8,"Mona","Mrs Bing",1
8,"Mona","Phoebe",5
8,"Mona","Rachel",6
8,"Mona","Ross",20
8,"Mona","Second Girl",1
8,"Mona","Ursula",2
8,"Mona","Waiter",1
8,"Mona","Witch",1
8,"Mona","Woman",1
8,"Mona's Date","Ross",1
8,"Monica","Mr Geller",3
8,"Monica","Mrs Bing",1
8,"Monica","Mrs Geller",2
8,"Monica","Mrs Green",5
8,"Monica","Nurse",1
8,"Monica","Parker",3
8,"Monica","Phoebe",67
8,"Monica","Photographer",1
8,"Monica","Rachel",54
8,"Monica","Roger",1
8,"Monica","Ross",43
8,"Monica","Second Girl",1
8,"Monica","Stu",1
8,"Monica","The Acting Teacher",1
8,"Monica","The Cooking Teacher",3
8,"Monica","The Food Critic",1
8,"Monica","The Girls",1
8,"Monica","The Interviewer",3
8,"Monica","Ticket Agent",1
8,"Monica","Tim",2
8,"Monica","Uncle Dan",1
8,"Monica","Ursula",2
8,"Monica","Waiter",1
8,"Monica","will",2
8,"Monica","Witch",1
8,"Monica","Woman",4
8,"Monica","Woman on Tv",1
8,"Mr Franklin","Ross",1
8,"Mr Geller","Mrs Geller",2
8,"Mr Geller","Parker",2
8,"Mr Geller","Phoebe",3
8,"Mr Geller","Rachel",3
8,"Mr Geller","Ross",3
8,"Mr Geller","Second Girl",1
8,"Mr Geller","Uncle Dan",1
8,"Mr Treeger","Phoebe",2
8,"Mr Treeger","Ross",1
8,"Mr Zelner","Rachel",1
8,"Mrs Bing","Phoebe",1
8,"Mrs Bing","Rachel",1
8,"Mrs Bing","Ross",1
8,"Mrs Bing","Waiter",1
8,"Mrs Bing","Woman",1
8,"Mrs Geller","Parker",2
8,"Mrs Geller","Phoebe",2
8,"Mrs Geller","Rachel",4
8,"Mrs Geller","Ross",4
8,"Mrs Geller","Uncle Dan",1
8,"Mrs Green","Phoebe",5
8,"Mrs Green","Rachel",5
8,"Mrs Green","Ross",2
8,"Mrs Green","Woman",1
8,"Nurse","Phoebe",2
8,"Nurse","Rachel",4
8,"Nurse","Ross",3
8,"Nurse","Woman",1
8,"Parker","Phoebe",4
8,"Parker","Rachel",3
8,"Parker","Ross",3
8,"Parker","Uncle Dan",1
8,"Phoebe","Photographer",2
8,"Phoebe","Rachel",59
8,"Phoebe","Roger",1
8,"Phoebe","Ross",49
8,"Phoebe","Second Girl",1
8,"Phoebe","Tag",2
8,"Phoebe","The Girls",1
8,"Phoebe","The Interviewer",4
8,"Phoebe","The Teacher",1
8,"Phoebe","Tim",3
8,"Phoebe","Trudie Styler",1
8,"Phoebe","Uncle Dan",1
8,"Phoebe","Ursula",3
8,"Phoebe","Waiter",2
8,"Phoebe","will",2
8,"Phoebe","Witch",1
8,"Phoebe","Woman",2
8,"Photographer","Rachel",2
8,"Photographer","Ross",1
8,"Rachel","Roger",1
8,"Rachel","Ross",82
8,"Rachel","Second Girl",1
8,"Rachel","Sick Bastard",1
8,"Rachel","Sid",1
8,"Rachel","Tag",2
8,"Rachel","The Girls",1
8,"Rachel","The Interviewer",5
8,"Rachel","Uncle Dan",1
8,"Rachel","Ursula",2
8,"Rachel","Waiter",3
8,"Rachel","Waitress",1
8,"Rachel","will",2
8,"Rachel","Witch",1
8,"Rachel","Woman",6
8,"Rachel","Woman Giving Birth",1
8,"Rachel","Woman on Tv",1
8,"Roger","Ross",1
8,"Ross","Second Girl",1
8,"Ross","Sick Bastard",1
8,"Ross","Sid",1
8,"Ross","Student",1
8,"Ross","Tag",1
8,"Ross","The Interviewer",6
8,"Ross","Uncle Dan",1
8,"Ross","Ursula",2
8,"Ross","Waiter",1
8,"Ross","will",2
8,"Ross","Witch",1
8,"Ross","Woman",5
8,"Ross","Woman Giving Birth",1
8,"The Cooking Teacher","The Food Critic",1
8,"The Interviewer","Woman",1
8,"Ticket Agent","Woman",1
8,"Ursula","Witch",1
8,"Waiter","Waiter No. 2",1
8,"Waiter","Woman",1
9,"Alexandra Steele","Joey",1
9,"Alexandra Steele","Rachel",1
9,"Amy","Amy Storms Out",1
9,"Amy","Chandler",1
9,"Amy","Joey",1
9,"Amy","Joey Laughs",1
9,"Amy","Joey Nods",1
9,"Amy","Monica",1
9,"Amy","Phoebe",1
9,"Amy","Rachel",1
9,"Amy","Ross",1
9,"Amy","Tv Announcer",1
9,"Amy","Woman at Door",1
9,"Amy Storms Out","Chandler",1
9,"Amy Storms Out","Joey",1
9,"Amy Storms Out","Joey Laughs",1
9,"Amy Storms Out","Joey Nods",1
9,"Amy Storms Out","Monica",1
9,"Amy Storms Out","Phoebe",1
9,"Amy Storms Out","Rachel",1
9,"Amy Storms Out","Ross",1
9,"Amy Storms Out","Tv Announcer",1
9,"Amy Storms Out","Woman at Door",1
9,"Another Extra","Director",1
9,"Another Extra","Extra",1
9,"Another Extra","Joey",1
9,"Another Extra","Man",1
9,"Another Extra","Phoebe",1
9,"Ben","Chandler",1
9,"Ben","Monica",1
9,"Ben","Ross",1
9,"Bill","Kevin",1
9,"Bill","Phoebe",1
9,"Bill","Rachel",1
9,"Bitter Lady","Chandler",2
9,"Bitter Woman","Chandler",1
9,"Bitter Woman","Monica",1
9,"Bitter Woman","Phoebe",1
9,"Blonde Girl","Chandler",1
9,"Blonde Girl","Ross",1
9,"Boy","Girl",1
9,"Boy","Nurse",1
9,"Boy","Receptionist",1
9,"Boy","Ross",1
9,"Boy","Woman",1
9,"Chandler","Chandlers",1
9,"Chandler","Charlie",6
9,"Chandler","Claudia",2
9,"Chandler","Cut to",1
9,"Chandler","David",5
9,"Chandler","Dirk",1
9,"Chandler","Doctor Connelly",1
9,"Chandler","Gavin",1
9,"Chandler","Gunther",1
9,"Chandler","Handyman",1
9,"Chandler","Interviewer",1
9,"Chandler","Janice",2
9,"Chandler","Jeanette",1
9,"Chandler","Jo Lynn",1
9,"Chandler","Joey",44
9,"Chandler","Joey Laughs",1
9,"Chandler","Joey Nods",1
9,"Chandler","Ken",2
9,"Chandler","Kori",1
9,"Chandler","Maitre D'",1
9,"Chandler","Message",1
9,"Chandler","Michelle",1
9,"Chandler","Mike",9
9,"Chandler","Molly",3
9,"Chandler","Monica",88
9,"Chandler","Mr Geller",5
9,"Chandler","Ms Mckenna",3
9,"Chandler","Nurse",1
9,"Chandler","Others",2
9,"Chandler","Phoebe",39
9,"Chandler","Professor Spafford",1
9,"Chandler","Racel",1
9,"Chandler","Rachel",40
9,"Chandler","Receptionist",2
9,"Chandler","Ross",47
9,"Chandler","Second Message",1
9,"Chandler","Steve",2
9,"Chandler","Tom",1
9,"Chandler","Tv",1
9,"Chandler","Tv Announcer",1
9,"Chandler","Waiter",1
9,"Chandler","Woman",2
9,"Chandler","Woman at Door",1
9,"Chandler","Zack",4
9,"Chandlers","Ross",1
9,"Charlie","David",1
9,"Charlie","Gunther",1
9,"Charlie","Homo Ergaster",1
9,"Charlie","Joey",13
9,"Charlie","Man with a Bow Tie",1
9,"Charlie","Matthew Ashford",1
9,"Charlie","Mike",1
9,"Charlie","Monica",6
9,"Charlie","Mr Oberblau",1
9,"Charlie","Paleontologist",1
9,"Charlie","Phoebe",7
9,"Charlie","Professor Spafford",2
9,"Charlie","Professore Clerk",1
9,"Charlie","Rache",1
9,"Charlie","Rachel",13
9,"Charlie","Ross",16
9,"Charlie","Sarah",1
9,"Charlie","Shop Assistant",1
9,"Charlie","Woman",2
9,"Charlie","Zack",1
9,"Chase Lassiter","Director",1
9,"Chase Lassiter","Joey",1
9,"Chase Lassiter","Rachel",1
9,"Claudia","Ken",2
9,"Claudia","Others",1
9,"Cut to","Joey",1
9,"Cut to","Monica",1
9,"David","Joey",1
9,"David","Mike",1
9,"David","Monica",4
9,"David","Phoebe",4
9,"David","Rachel",2
9,"David","Zack",1
9,"Director","Extra",1
9,"Director","Joey",5
9,"Director","Man",1
9,"Director","Phoebe",4
9,"Director","Rachel",1
9,"Dirk","Joey",1
9,"Dirk","Monica",1
9,"Dirk","Rachel",1
9,"Dirk","Ross",1
9,"Doctor Connelly","Monica",1
9,"Dr Gettleman","Rachel",1
9,"Dr Gettleman","Receptionist",1
9,"Dr Gettleman","Ross",1
9,"Extra","Joey",1
9,"Extra","Man",1
9,"Extra","Phoebe",1
9,"Gavin","Guy",1
9,"Gavin","Heather",1
9,"Gavin","Molly",1
9,"Gavin","Monica",2
9,"Gavin","Mr Zelner",2
9,"Gavin","Phoebe",1
9,"Gavin","Rachel",8
9,"Gavin","Ross",2
9,"Girl","Nurse",1
9,"Girl","Receptionist",1
9,"Girl","Ross",1
9,"Girl","Woman",1
9,"Gunther","Hayley",1
9,"Gunther","Joey",3
9,"Gunther","Monica",2
9,"Gunther","Phoebe",1
9,"Gunther","Professor Spafford",1
9,"Gunther","Ross",2
9,"Guy","Rachel",1
9,"Guy","Ross",1
9,"Handyman","Monica",1
9,"Handyman","Rachel",1
9,"Hayley","Hayley's Roommate",1
9,"Hayley","Joey",3
9,"Hayley","Monica",1
9,"Hayley's Roommate","Joey",1
9,"Heather","Rachel",1
9,"Homo Ergaster","Rachel",1
9,"Homo Ergaster","Ross",1
9,"Jane","Joey",1
9,"Jane","Message",1
9,"Jane","Rachel",1
9,"Janice","Monica",1
9,"Janice","Nurse",1
9,"Jeanette","Zack",1
9,"Jo Lynn","Joey",1
9,"Jo Lynn","Monica",1
9,"Joey","Joey Laughs",1
9,"Joey","Joey Nods",1
9,"Joey","Kyle Lowder",1
9,"Joey","Maitre D'",2
9,"Joey","Man",1
9,"Joey","Man with a Bow Tie",1
9,"Joey","Mary Ellen",2
9,"Joey","Message",2
9,"Joey","Mike",7
9,"Joey","Molly",4
9,"Joey","Monica",39
9,"Joey","Mr Geller",3
9,"Joey","Nurse",2
9,"Joey","Others",1
9,"Joey","Phoebe",46
9,"Joey","Racel",1
9,"Joey","Rachel",57
9,"Joey","Ross",47
9,"Joey","Salon Girl",1
9,"Joey","Sarah",1
9,"Joey","Second Message",1
9,"Joey","Sonia",1
9,"Joey","Steve",4
9,"Joey","Tv",1
9,"Joey","Tv Announcer",1
9,"Joey","Waiter",6
9,"Joey","Waiters",1
9,"Joey","Woman",3
9,"Joey","Woman at Door",1
9,"Joey Laughs","Joey Nods",1
9,"Joey Laughs","Monica",1
9,"Joey Laughs","Phoebe",1
9,"Joey Laughs","Rachel",1
9,"Joey Laughs","Ross",1
9,"Joey Laughs","Tv Announcer",1
9,"Joey Laughs","Woman at Door",1
9,"Joey Nods","Monica",1
9,"Joey Nods","Phoebe",1
9,"Joey Nods","Rachel",1
9,"Joey Nods","Ross",1
9,"Joey Nods","Tv Announcer",1
9,"Joey Nods","Woman at Door",1
9,"Ken","Others",1
9,"Kevin","Phoebe",1
9,"Kevin","Rachel",1
9,"Kori","Monica",1
9,"Kori","Ross",1
9,"Kori","Tom",1
9,"Kyle Lowder","Monica",1
9,"Kyle Lowder","Phoebe",1
9,"Maitre D'","Monica",1
9,"Maitre D'","Phoebe",2
9,"Maitre D'","Rachel",1
9,"Maitre D'","Ross",1
9,"Maitre D'","Waiter",2
9,"Man","Phoebe",1
9,"Man with a Bow Tie","Mike",1
9,"Man with a Bow Tie","Monica",1
9,"Man with a Bow Tie","Rachel",1
9,"Man with a Bow Tie","Ross",1
9,"Manny","Mike",1
9,"Manny","Monica",1
9,"Manny","Phoebe",1
9,"Manny","Strange Man",1
9,"Mary Ellen","Mike",2
9,"Mary Ellen","Phoebe",2
9,"Matthew Ashford","Monica",1
9,"Matthew Ashford","Phoebe",1
9,"Matthew Ashford","Rache",1
9,"Matthew Ashford","Rachel",1
9,"Matthew Ashford","Ross",1
9,"Message","Monica",1
9,"Message","Phoebe",1
9,"Message","Rachel",2
9,"Message","Ross",1
9,"Message","Second Message",1
9,"Message","Steve",1
9,"Message","Tv",1
9,"Michelle","Rachel",2
9,"Michelle","Ross",3
9,"Michelle","Woman",1
9,"Mike","Molly",1
9,"Mike","Monica",15
9,"Mike","Phoebe",28
9,"Mike","Rachel",6
9,"Mike","Ross",14
9,"Mike","Strange Man",1
9,"Molly","Monica",2
9,"Molly","Phoebe",1
9,"Molly","Rachel",4
9,"Molly","Ross",4
9,"Molly","Woman",1
9,"Monica","Mr Geller",4
9,"Monica","Nurse",1
9,"Monica","Others",1
9,"Monica","Phoebe",55
9,"Monica","Professor Spafford",1
9,"Monica","Racel",1
9,"Monica","Rache",1
9,"Monica","Rachel",50
9,"Monica","Ross",38
9,"Monica","Second Message",1
9,"Monica","Steve",2
9,"Monica","Strange Man",1
9,"Monica","Tom",1
9,"Monica","Tv",1
9,"Monica","Tv Announcer",1
9,"Monica","Waiter",1
9,"Monica","Woman",1
9,"Monica","Woman at Door",1
9,"Monica","Zack",3
9,"Mr Geller","Phoebe",2
9,"Mr Geller","Rachel",1
9,"Mr Geller","Ross",3
9,"Mr Oberblau","Paleontologist",1
9,"Mr Oberblau","Professore Clerk",1
9,"Mr Oberblau","Ross",1
9,"Mr Oberblau","Woman",1
9,"Mr Zelner","Rachel",2
9,"Mr Zelner","Ross",1
9,"Ms Geller","Rachel",1
9,"Ms Geller","Ross",1
9,"Nurse","Rachel",2
9,"Nurse","Receptionist",1
9,"Nurse","Ross",2
9,"Nurse","Woman",1
9,"Others","Phoebe",1
9,"Others","Rachel",1
9,"Others","Ross",1
9,"Paleontologist","Professore Clerk",1
9,"Paleontologist","Ross",1
9,"Paleontologist","Woman",1
9,"Phoebe","Racel",1
9,"Phoebe","Rache",1
9,"Phoebe","Rachel",50
9,"Phoebe","Receptionist",2
9,"Phoebe","Ross",40
9,"Phoebe","Second Message",1
9,"Phoebe","Shop Assistant",1
9,"Phoebe","Steve",2
9,"Phoebe","Strange Man",1
9,"Phoebe","Stranger",1
9,"Phoebe","Tv",1
9,"Phoebe","Tv Announcer",1
9,"Phoebe","Waiter",4
9,"Phoebe","Woman at Door",1
9,"Phoebe","Zack",1
9,"Prof. Sherman","Ross",1
9,"Professor Sherman","Ross",1
9,"Professor Spafford","Ross",2
9,"Professore Clerk","Ross",1
9,"Professore Clerk","Woman",1
9,"Racel","Rachel",1
9,"Racel","Ross",1
9,"Rache","Rachel",1
9,"Rache","Ross",1
9,"Rachel","Receptionist",2
9,"Rachel","Ross",54
9,"Rachel","Second Message",1
9,"Rachel","Shop Assistant",1
9,"Rachel","Steve",4
9,"Rachel","Stranger",1
9,"Rachel","Tv",1
9,"Rachel","Tv Announcer",1
9,"Rachel","Waiter",3
9,"Rachel","Woman at Door",1
9,"Rachel","Zack",1
9,"Receptionist","Ross",4
9,"Receptionist","Woman",1
9,"Ross","Sarah",1
9,"Ross","Second Message",1
9,"Ross","Steve",3
9,"Ross","Tom",1
9,"Ross","Tv",1
9,"Ross","Tv Announcer",1
9,"Ross","Waiter",4
9,"Ross","Waiter #2",1
9,"Ross","Woman",5
9,"Ross","Woman at Door",1
9,"Salon Girl","Sonia",1
9,"Sarah","Woman",1
9,"Second Message","Steve",1
9,"Second Message","Tv",1
9,"Steve","Tv",1
9,"Steve","Waiter",1
9,"Tv Announcer","Woman at Door",1
9,"Waiter","Waiter #2",1
9,"Waiter","Waiters",1
10,"Adoption Agency Guy","Agency Guy",1
10,"Adoption Agency Guy","Chandler",1
10,"Adoption Agency Guy","Erica",1
10,"Adoption Agency Guy","Monica",1
10,"Adrienne","Chandler",1
10,"Adrienne","Monica",1
10,"Adrienne","Rachel",1
10,"Adrienne","Ross",1
10,"Agency Guy","Chandler",3
10,"Agency Guy","Erica",3
10,"Agency Guy","Monica",3
10,"Air Stewardess","Passenger #1",1
10,"Air Stewardess","Passenger #2",1
10,"Air Stewardess","Passenger #3",1
10,"Air Stewardess","Phoebe",1
10,"Air Stewardess","Rachel",2
10,"Air Stewardess","Ross",2
10,"Amanda","Chandler",2
10,"Amanda","Joey",2
10,"Amanda","Monica",4
10,"Amanda","Phoebe",4
10,"Amanda","Rachel",2
10,"Amy","Chandler",2
10,"Amy","Charlie",1
10,"Amy","Joey",5
10,"Amy","Monica",2
10,"Amy","Phoebe",1
10,"Amy","Rachel",8
10,"Amy","Ross",4
10,"Announcer","Mike",2
10,"Announcer","Phoebe",2
10,"Assistant","Ross",1
10,"Benjamin","Charlie",2
10,"Benjamin","Dr Biely",1
10,"Benjamin","Dr Li",1
10,"Benjamin","Ross",4
10,"Bill","Chandler",2
10,"Bill","Colleen",2
10,"Bill","Monica",2
10,"Bill","Owen",2
10,"Casting Assistant","Director",1
10,"Casting Assistant","Joey",1
10,"Casting Assistant","Phoebe",1
10,"Chandler","Charlie",3
10,"Chandler","Colleen",2
10,"Chandler","Doctor",2
10,"Chandler","Emma",1
10,"Chandler","Erica",12
10,"Chandler","Estelle",1
10,"Chandler","Frank Jr.",1
10,"Chandler","Gunther",1
10,"Chandler","Jack",2
10,"Chandler","Janice",3
10,"Chandler","Jennifer",1
10,"Chandler","Joey",59
10,"Chandler","Judy",2
10,"Chandler","Lady",1
10,"Chandler","Laura",3
10,"Chandler","Mike",9
10,"Chandler","Mike's Dad",2
10,"Chandler","Mike's Mom",2
10,"Chandler","Missy",1
10,"Chandler","Monica",85
10,"Chandler","Nurse",2
10,"Chandler","Owen",2
10,"Chandler","Phoebe",47
10,"Chandler","Pizza Guy",1
10,"Chandler","Rachel",50
10,"Chandler","Realtor",2
10,"Chandler","Ross",48
10,"Chandler","The Guys",1
10,"Charity Guy","Mike",3
10,"Charity Guy","Phoebe",3
10,"Charlie","Joey",5
10,"Charlie","Mike",1
10,"Charlie","Monica",2
10,"Charlie","Phoebe",3
10,"Charlie","Rachel",5
10,"Charlie","Ross",11
10,"Clerk","Phoebe",1
10,"Colleen","Monica",2
10,"Colleen","Owen",2
10,"Director","Joey",1
10,"Director","Phoebe",1
10,"Doctor","Erica",2
10,"Doctor","Monica",2
10,"Doctor","Nurse",1
10,"Donny","Donny Osmond",1
10,"Donny","Gene",3
10,"Donny","Henrietta",1
10,"Donny","Joey",4
10,"Donny","Stage Manager",1
10,"Donny","Voice",1
10,"Donny Osmond","Gene",1
10,"Donny Osmond","Joey",1
10,"Donny Osmond","Voice",1
10,"Dr Biely","Dr Li",1
10,"Dr Biely","Ross",1
10,"Dr Green","Nurse",1
10,"Dr Green","Rachel",1
10,"Dr Green","Ross",1
10,"Dr Li","Ross",1
10,"Emma","Joey",1
10,"Emma","Monica",1
10,"Emma","Phoebe",1
10,"Emma","Rachel",1
10,"Emma","Ross",1
10,"Erica","Joey",2
10,"Erica","Monica",13
10,"Erica","Nurse",2
10,"Erica","Phoebe",2
10,"Erica","Rachel",1
10,"Erica","Ross",2
10,"Estelle","Jack",1
10,"Estelle","Joey",1
10,"Estelle","Judy",1
10,"Estelle","Monica",1
10,"Estelle","Phoebe",1
10,"Estelle","Rachel",1
10,"Estelle","Ross",1
10,"Frank Jr.","Monica",1
10,"Frank Jr.","Phoebe",3
10,"Gene","Joey",3
10,"Gene","Stage Manager",1
10,"Gene","Voice",1
10,"Girl","Joey",1
10,"Girl","Mackenzie",1
10,"Girl","Ross",1
10,"Gunther","Joey",1
10,"Gunther","Monica",1
10,"Gunther","Phoebe",2
10,"Gunther","Rachel",2
10,"Gunther","Ross",2
10,"Henrietta","Joey",1
10,"Host","Phoebe",1
10,"Host","Rachel",1
10,"Jack","Joey",2
10,"Jack","Judy",2
10,"Jack","Monica",2
10,"Jack","Phoebe",2
10,"Jack","Rachel",2
10,"Jack","Ross",2
10,"Janice","Lady",1
10,"Janice","Monica",2
10,"Janice","Realtor",1
10,"Jennifer","Joey",1
10,"Jennifer","Monica",1
10,"Jennifer","Phoebe",1
10,"Jennifer","Rachel",1
10,"Jennifer","Ross",1
10,"Joey","Judy",2
10,"Joey","Laura",3
10,"Joey","Mackenzie",2
10,"Joey","Mike",11
10,"Joey","Mike's Dad",2
10,"Joey","Mike's Mom",2
10,"Joey","Monica",56
10,"Joey","Phoebe",57
10,"Joey","Phoebe-Estelle",1
10,"Joey","Rachel",59
10,"Joey","Realtor",1
10,"Joey","Ross",49
10,"Joey","Sarah",2
10,"Joey","Stage Manager",1
10,"Joey","Tape",1
10,"Joey","The Guys",1
10,"Joey","Voice",1
10,"Joey","Waiter",2
10,"Judy","Monica",2
10,"Judy","Phoebe",2
10,"Judy","Rachel",2
10,"Judy","Ross",2
10,"Lady","Monica",1
10,"Laura","Monica",3
10,"Maitre D'","Mr Campbell",1
10,"Maitre D'","Mr Zellner",1
10,"Maitre D'","Rachel",1
10,"Man","Mark",1
10,"Man","Monica",1
10,"Man","Phoebe",2
10,"Man","Rachel",2
10,"Man","Ross",2
10,"Man","Roy",1
10,"Mark","Rachel",1
10,"Mark","Ross",1
10,"Mike","Mike's Dad",2
10,"Mike","Mike's Mom",2
10,"Mike","Monica",10
10,"Mike","Phoebe",22
10,"Mike","Precious",1
10,"Mike","Rachel",8
10,"Mike","Rita",1
10,"Mike","Ross",9
10,"Mike","Woman",1
10,"Mike's Dad","Mike's Mom",2
10,"Mike's Dad","Monica",2
10,"Mike's Dad","Phoebe",2
10,"Mike's Dad","Rachel",2
10,"Mike's Dad","Ross",2
10,"Mike's Mom","Monica",2
10,"Mike's Mom","Phoebe",2
10,"Mike's Mom","Rachel",2
10,"Mike's Mom","Ross",2
10,"Missy","Ross",2
10,"Monica","Nurse",2
10,"Monica","Owen",2
10,"Monica","Phoebe",57
10,"Monica","Pizza Guy",1
10,"Monica","Rachel",49
10,"Monica","Realtor",2
10,"Monica","Ross",46
10,"Monica","Roy",1
10,"Monica","The Guys",1
10,"Mr Campbell","Mr Zellner",1
10,"Mr Campbell","Rachel",1
10,"Mr Zellner","Rachel",1
10,"Mr Zelner","Ross",2
10,"Nurse","Rachel",1
10,"Nurse","Ross",1
10,"Passenger #1","Passenger #2",1
10,"Passenger #1","Passenger #3",1
10,"Passenger #1","Phoebe",1
10,"Passenger #1","Rachel",1
10,"Passenger #1","Ross",1
10,"Passenger #2","Passenger #3",1
10,"Passenger #2","Phoebe",2
10,"Passenger #2","Rachel",2
10,"Passenger #2","Ross",2
10,"Passenger #3","Phoebe",1
10,"Passenger #3","Rachel",1
10,"Passenger #3","Ross",1
10,"Phoebe","Phoebe-Estelle",1
10,"Phoebe","Precious",2
10,"Phoebe","Rachel",57
10,"Phoebe","Rita",1
10,"Phoebe","Ross",50
10,"Phoebe","Roy",2
10,"Phoebe","Tape",1
10,"Phoebe","The Guys",1
10,"Phoebe","Ticket Agent",1
10,"Phoebe","Woman",1
10,"Pizza Guy","Rachel",1
10,"Pizza Guy","Ross",1
10,"Rachel","Ross",70
10,"Rachel","Roy",2
10,"Rachel","The Guys",1
10,"Rita","Woman",1
10,"Ross","The Guys",1
10,"Ross","Ticket Agent",1
10,"Sarah","Waiter",2
